Date,Open,High,Low,Close
2011-02-01,4.1,4.1,4.1,4.1
2011-02-02,4.15,4.15,4.15,4.15
2011-02-03,4.2,4.2,4.1,4.1
2011-02-04,4.1,4.1,4.05,4.05
2011-02-07,4.05,4.1,4.05,4.1
2011-02-08,3.95,3.985,3.925,3.985
2011-02-09,3.975,3.975,3.915,3.915
2011-02-10,3.975,3.975,3.85,3.88
2011-02-11,3.85,3.85,3.85,3.85
2011-02-15,3.9,3.95,3.85,3.95
2011-02-16,3.925,3.925,3.925,3.925
2011-02-17,3.975,3.975,3.975,3.975
2011-02-18,4.0,4.0,4.0,4.0
2011-02-21,4.0,4.0,4.0,4.0
2011-02-22,4.0,4.15,4.0,4.15
2011-02-23,4.05,4.125,4.05,4.125
2011-02-24,4.1,4.35,4.1,4.35
2011-02-25,4.1,4.4,4.1,4.4
2011-02-28,4.4,4.5,4.4,4.4
2011-03-01,4.045,4.575,4.425,4.45
2011-03-02,4.5,4.5,4.45,4.45
2011-03-03,4.525,4.525,4.45,4.485
2011-03-04,4.4,4.445,4.4,4.445
2011-03-07,4.425,4.425,4.275,4.275
2011-03-08,4.275,4.35,4.275,4.325
2011-03-09,4.325,4.325,4.3,4.3
2011-03-10,4.3,4.425,4.3,4.425
2011-03-11,4.425,4.425,4.31,4.31
2011-03-14,4.325,4.39,4.3,4.385
2011-03-15,4.475,4.475,4.375,4.4
2011-03-16,4.45,4.45,4.45,4.45
2011-03-17,4.375,4.375,4.35,4.37
2011-03-18,4.4,4.4,4.3,4.35
2011-03-22,4.35,4.45,4.35,4.37
2011-03-23,4.4,4.45,4.4,4.425
2011-03-24,4.4,4.5,4.4,4.5
2011-03-25,4.5,4.55,4.485,4.55
2011-03-28,4.475,4.535,4.42,4.42
2011-03-29,4.52,4.52,4.47,4.47
2011-03-30,4.45,4.485,4.45,4.47
2011-03-31,4.47,4.47,4.47,4.47
2011-04-01,4.47,4.485,4.45,4.45
2011-04-04,4.45,4.47,4.42,4.42
2011-04-05,4.45,4.56,4.4,4.56
2011-04-06,4.56,4.56,4.425,4.5
2011-04-07,4.45,4.475,4.45,4.47
2011-04-08,4.5,4.55,4.5,4.52
2011-04-11,4.52,4.55,4.51,4.55
2011-04-12,4.55,4.55,4.5,4.5
2011-04-13,4.5,4.62,4.485,4.62
2011-04-14,4.62,4.62,4.6,4.6
2011-04-15,4.6,4.625,4.57,4.57
2011-04-18,4.62,4.7,4.57,4.7
2011-04-19,4.57,4.67,4.57,4.67
2011-04-20,4.67,4.74,4.65,4.74
2011-04-25,4.74,4.81,4.74,4.81
2011-04-26,4.8,4.81,4.72,4.72
2011-04-27,4.72,4.77,4.72,4.77
2011-04-28,4.72,4.8,4.72,4.8
2011-04-29,4.77,4.77,4.75,4.75
2011-05-02,4.75,4.75,4.725,4.725
2011-05-03,4.7,4.725,4.7,4.7
2011-05-04,4.7,4.7,4.6,4.6
2011-05-05,4.7,4.72,4.6,4.72
2011-05-06,4.72,4.75,4.6,4.75
2011-05-09,4.75,4.75,4.7,4.7
2011-05-10,4.7,4.75,4.7,4.75
2011-05-11,4.72,4.82,4.72,4.82
2011-05-12,4.82,4.82,4.75,4.75
2011-05-13,4.75,4.85,4.75,4.85
2011-05-16,4.85,4.87,4.835,4.87
2011-05-17,4.87,4.87,4.85,4.85
2011-05-18,4.85,4.95,4.85,4.95
2011-05-19,4.91,4.97,4.91,4.96
2011-05-20,4.95,4.95,4.92,4.95
2011-05-23,4.95,4.95,4.9,4.9
2011-05-24,4.9,4.92,4.9,4.92
2011-05-25,4.95,5.0,4.95,5.0
2011-05-26,4.95,5.07,4.95,5.07
2011-05-27,5.02,5.02,4.97,5.02
2011-05-30,5.02,5.02,4.97,5.02
2011-05-31,4.97,5.07,4.97,5.07
2011-06-01,5.05,5.07,5.05,5.07
2011-06-02,5.07,5.12,5.07,5.1
2011-06-03,5.1,5.17,5.1,5.15
2011-06-07,5.15,5.17,5.15,5.17
2011-06-08,5.17,5.17,5.1,5.1
2011-06-09,5.1,5.1,5.07,5.07
2011-06-10,5.07,5.07,5.07,5.07
2011-06-13,5.07,5.07,5.05,5.05
2011-06-14,5.05,5.07,5.05,5.07
2011-06-15,5.07,5.1,5.07,5.1
2011-06-16,5.1,5.1,5.07,5.07
2011-06-17,5.1,5.16,5.07,5.16
2011-06-20,5.16,5.16,5.11,5.11
2011-06-21,5.11,5.12,5.05,5.05
2011-06-22,5.05,5.07,4.99,5.04
2011-06-23,5.04,5.04,4.99,5.02
2011-06-24,5.02,5.04,5.0,5.0
2011-06-28,5.0,5.0,4.97,4.97
2011-06-29,4.97,5.0,4.97,4.985
2011-06-30,4.97,5.0,4.97,4.97
2011-07-01,4.97,5.0,4.95,5.0
2011-07-05,5.0,5.0,4.95,4.95
2011-07-06,4.95,4.97,4.95,4.97
2011-07-07,4.95,5.0,4.95,5.0
2011-07-08,5.0,5.0,4.97,4.97
2011-07-11,5.0,5.0,4.97,4.99
2011-07-12,5.0,5.0,4.97,4.97
2011-07-13,4.97,5.0,4.97,5.0
2011-07-14,4.97,5.0,4.97,5.0
2011-07-15,5.0,5.0,5.0,5.0
2011-07-18,5.0,5.02,5.0,5.02
2011-07-19,5.02,5.02,5.02,5.02
2011-07-21,5.02,5.05,4.9,5.05
2011-07-22,5.05,5.05,5.04,5.04
2011-07-25,5.04,5.05,5.02,5.05
2011-07-26,5.05,5.05,5.02,5.03
2011-07-27,5.03,5.04,4.98,5.02
2011-07-28,5.02,5.02,4.98,5.02
2011-07-29,5.02,5.02,5.0,5.0
2011-08-01,5.0,5.02,5.0,5.02
2011-08-02,5.02,5.04,5.02,5.04
2011-08-03,5.02,5.04,5.02,5.03
2011-08-04,5.03,5.04,5.02,5.02
2011-08-05,5.03,5.03,4.95,4.95
2011-08-08,4.95,4.99,4.95,4.99
2011-08-09,4.95,4.99,4.87,4.87
2011-08-10,4.87,4.9,4.75,4.75
2011-08-11,4.75,4.82,4.75,4.82
2011-08-12,4.75,5.0,4.75,4.98
2011-08-16,4.98,5.01,4.96,5.01
2011-08-17,4.98,5.01,4.96,4.96
2011-08-18,4.98,5.0,4.96,5.0
2011-08-19,5.0,5.0,4.85,4.85
2011-08-22,4.85,4.85,4.7,4.7
2011-08-23,4.7,4.8,4.7,4.8
2011-08-24,4.8,4.8,4.69,4.69
2011-08-25,4.69,4.7,4.69,4.7
2011-08-26,4.7,4.75,4.7,4.75
2011-08-29,4.7,4.77,4.7,4.77
2011-08-30,4.7,4.7,4.7,4.7
2011-08-31,4.7,4.77,4.7,4.77
2011-09-01,4.7,4.9,4.7,4.8
2011-09-02,4.8,4.8,4.67,4.67
2011-09-05,4.67,4.8,4.67,4.8
2011-09-06,4.67,4.8,4.58,4.58
2011-09-07,4.58,4.62,4.58,4.6
2011-09-08,4.58,4.65,4.58,4.65
2011-09-09,4.58,4.7,4.58,4.7
2011-09-12,4.58,4.7,4.53,4.53
2011-09-13,4.53,4.6,4.53,4.55
2011-09-14,4.55,4.65,4.55,4.65
2011-09-15,4.55,4.65,4.55,4.57
2011-09-16,4.57,4.65,4.57,4.58
2011-09-19,4.58,4.7,4.58,4.7
2011-09-20,4.7,4.7,4.65,4.68
2011-09-21,4.68,4.71,4.65,4.71
2011-09-22,4.68,4.71,4.67,4.67
2011-09-23,4.68,4.68,4.67,4.67
2011-09-26,4.68,4.68,4.65,4.65
2011-09-27,4.65,4.67,4.65,4.67
2011-09-28,4.65,4.67,4.65,4.67
2011-09-29,4.65,4.7,4.65,4.7
2011-09-30,4.65,4.7,4.65,4.68
2011-10-03,4.68,4.7,4.68,4.7
2011-10-04,4.7,4.7,4.65,4.65
2011-10-05,4.65,4.67,4.63,4.63
2011-10-06,4.63,4.75,4.63,4.7
2011-10-07,4.7,4.77,4.7,4.75
2011-10-10,4.75,4.77,4.75,4.77
2011-10-11,4.75,4.77,4.75,4.75
2011-10-12,4.75,4.75,4.75,4.75
2011-10-13,4.75,4.75,4.75,4.75
2011-10-14,4.75,4.75,4.75,4.75
2011-10-18,4.75,4.75,4.75,4.75
2011-10-19,4.75,4.8,4.75,4.8
2011-10-20,4.8,4.8,4.8,4.8
2011-10-21,4.8,4.87,4.8,4.87
2011-10-24,4.87,4.87,4.87,4.87
2011-10-25,4.87,4.97,4.87,4.91
2011-10-26,4.91,4.95,4.91,4.95
2011-10-27,4.95,5.0,4.95,5.0
2011-10-28,5.0,5.0,5.0,5.0
2011-10-31,5.0,5.0,4.87,4.98
2011-11-01,4.98,5.0,4.98,5.0
2011-11-02,5.0,5.0,4.97,4.97
2011-11-03,4.97,5.02,4.97,5.0
2011-11-04,5.0,5.02,5.0,5.02
2011-11-08,5.02,5.02,5.02,5.02
2011-11-09,5.02,5.02,5.02,5.02
2011-11-10,5.02,5.05,5.02,5.05
2011-11-11,5.05,5.05,5.02,5.02
2011-11-15,5.05,5.05,5.02,5.05
2011-11-16,5.05,5.1,5.05,5.1
2011-11-17,5.1,5.22,5.07,5.2
2011-11-18,5.2,5.22,5.2,5.22
2011-11-21,5.22,5.22,5.22,5.22
2011-11-22,5.22,5.22,5.1,5.1
2011-11-23,5.1,5.22,5.1,5.12
2011-11-24,5.12,5.22,5.12,5.17
2011-11-25,5.12,5.17,5.12,5.14
2011-11-28,5.14,5.2,5.14,5.2
2011-11-29,5.2,5.2,5.17,5.17
2011-11-30,5.17,5.17,5.135,5.135
2011-12-01,5.17,5.17,5.12,5.17
2011-12-02,5.17,5.17,5.09,5.09
2011-12-05,5.09,5.09,5.05,5.07
2011-12-06,5.07,5.07,4.92,4.95
2011-12-07,4.92,4.92,4.92,4.92
2011-12-09,4.92,4.92,4.91,4.92
2011-12-12,4.92,4.92,4.87,4.88
2011-12-13,4.87,4.9,4.87,4.9
2011-12-14,4.9,4.9,4.88,4.89
2011-12-15,4.88,4.88,4.88,4.88
2011-12-16,4.89,4.89,4.83,4.83
2011-12-19,4.89,4.9,4.83,4.9
2011-12-20,4.9,4.9,4.9,4.9
2011-12-21,4.9,4.9,4.87,4.87
2011-12-22,4.87,4.97,4.87,4.95
2011-12-23,4.97,4.97,4.97,4.97
2011-12-26,4.95,4.97,4.95,4.97
2011-12-27,4.97,5.0,4.97,4.97
2011-12-28,5.0,5.0,5.0,5.0
2011-12-29,5.0,5.0,5.0,5.0
2012-01-02,5.0,5.0,5.0,5.0
2012-01-03,5.0,5.05,5.0,5.05
2012-01-04,5.02,5.1,5.02,5.05
2012-01-05,5.1,5.1,5.07,5.07
2012-01-06,5.1,5.14,5.1,5.14
2012-01-10,5.14,5.14,5.12,5.12
2012-01-11,5.12,5.15,5.12,5.12
2012-01-12,5.15,5.15,5.12,5.12
2012-01-13,5.15,5.15,5.1,5.12
2012-01-16,5.12,5.12,5.1,5.1
2012-01-17,5.1,5.101,5.1,5.1
2012-01-18,5.1,5.101,5.1,5.1
2012-01-19,5.1,5.1,5.08,5.08
2012-01-20,5.085,5.085,5.08,5.08
2012-01-23,5.08,5.1,5.07,5.1
2012-01-24,5.1,5.101,5.1,5.1
2012-01-25,5.1,5.101,5.1,5.1
2012-01-26,5.1,5.12,5.07,5.12
2012-01-27,5.07,5.1,5.07,5.1
2012-01-30,5.1,5.1,5.1,5.1
2012-01-31,5.27,5.3,5.27,5.3
2012-02-01,5.27,5.35,5.27,5.35
2012-02-02,5.35,5.351,5.35,5.35
2012-02-03,5.4,5.4,5.4,5.4
2012-02-06,5.4,5.42,5.1,5.42
2012-02-07,5.39,5.48,5.37,5.48
2012-02-08,5.37,5.47,5.37,5.47
2012-02-09,5.45,5.4705,5.45,5.47
2012-02-10,5.47,5.48,5.45,5.48
2012-02-13,5.45,5.481,5.45,5.48
2012-02-14,5.45,5.58,5.45,5.58
2012-02-15,5.5,5.72,5.5,5.72
2012-02-16,5.65,5.65,5.62,5.65
2012-02-17,5.62,5.651,5.62,5.65
2012-02-20,5.65,5.65,5.6,5.6
2012-02-21,5.65,5.68,5.65,5.68
2012-02-22,5.65,5.7,5.65,5.7
2012-02-23,5.7,5.701,5.7,5.7
2012-02-24,5.7,5.72,5.7,5.7
2012-02-27,5.7,5.72,5.68,5.68
2012-02-28,5.72,5.72,5.53,5.53
2012-02-29,5.55,5.55,5.53,5.53
2012-03-01,5.53,5.6,5.53,5.6
2012-03-02,5.55,5.55,5.52,5.55
2012-03-05,5.52,5.55,5.52,5.53
2012-03-06,5.55,5.55,5.49,5.49
2012-03-07,5.54,5.54,5.48,5.48
2012-03-08,5.48,5.52,5.48,5.5
2012-03-09,5.5,5.52,5.5,5.5
2012-03-12,5.52,5.54,5.52,5.54
2012-03-13,5.52,5.541,5.5,5.54
2012-03-14,5.5,5.56,5.5,5.52
2012-03-15,5.56,5.56,5.53,5.53
2012-03-16,5.53,5.57,5.53,5.56
2012-03-20,5.56,5.57,5.54,5.54
2012-03-21,5.57,5.57,5.57,5.57
2012-03-22,5.56,5.57,5.55,5.55
2012-03-23,5.55,5.55,5.52,5.52
2012-03-26,5.52,5.55,5.48,5.48
2012-03-27,5.48,5.48,5.43,5.43
2012-03-28,5.37,5.37,5.37,5.37
2012-03-29,5.371,5.371,5.27,5.27
2012-03-30,5.43,5.43,5.39,5.39
2012-04-02,5.39,5.4,5.39,5.4
2012-04-03,5.42,5.43,5.4,5.4
2012-04-04,5.4,5.43,5.4,5.43
2012-04-09,5.43,5.43,5.36,5.37
2012-04-10,5.36,5.36,5.32,5.32
2012-04-11,5.35,5.35,5.35,5.35
2012-04-12,5.35,5.35,5.33,5.34
2012-04-13,5.33,5.33,5.28,5.28
2012-04-16,5.28,5.31,5.28,5.3
2012-04-17,5.3,5.31,5.3,5.3
2012-04-18,5.31,5.31,5.26,5.26
2012-04-19,5.3,5.3,5.27,5.28
2012-04-20,5.27,5.27,5.27,5.27
2012-04-23,5.27,5.27,5.25,5.25
2012-04-24,5.25,5.28,5.25,5.26
2012-04-25,5.28,5.3,5.28,5.3
2012-04-26,5.29,5.31,5.27,5.31
2012-04-27,5.27,5.32,5.27,5.32
2012-04-30,5.32,5.32,5.27,5.31
2012-05-02,5.27,5.32,5.26,5.32
2012-05-03,5.26,5.31,5.26,5.3
2012-05-04,5.3,5.31,5.29,5.29
2012-05-07,5.29,5.29,5.27,5.28
2012-05-08,5.27,5.2805,5.27,5.28
2012-05-09,5.27,5.281,5.26,5.28
2012-05-10,5.26,5.281,5.26,5.28
2012-05-11,5.26,5.33,5.26,5.28
2012-05-14,5.27,5.29,5.25,5.29
2012-05-15,5.3,5.3,5.275,5.275
2012-05-16,5.26,5.27,5.24,5.27
2012-05-17,5.24,5.271,5.24,5.27
2012-05-18,5.26,5.26,5.23,5.23
2012-05-22,5.24,5.24,5.21,5.21
2012-05-23,5.21,5.23,5.2,5.2
2012-05-24,5.23,5.23,5.025,5.025
2012-05-25,5.22,5.22,5.2,5.2
2012-05-28,5.2,5.201,5.19,5.2
2012-05-29,5.19,5.19,5.18,5.18
2012-05-30,5.19,5.19,5.18,5.18
2012-05-31,5.18,5.18,5.17,5.17
2012-06-01,5.17,5.17,5.14,5.14
2012-06-04,5.14,5.14,5.05,5.06
2012-06-05,5.05,5.061,5.05,5.06
2012-06-06,5.05,5.09,5.05,5.09
2012-06-07,5.06,5.1,5.06,5.1
2012-06-08,5.1,5.1005,5.1,5.1
2012-06-12,5.1,5.1,5.06,5.0805
2012-06-13,5.06,5.08,5.06,5.08
2012-06-14,5.1,5.1,5.07,5.08
2012-06-15,5.08,5.081,5.07,5.08
2012-06-19,5.07,5.081,5.07,5.081
2012-06-20,5.0805,5.081,5.07,5.08
2012-06-21,5.08,5.08,5.0,5.0
2012-06-22,5.01,5.01,4.89,4.89
2012-06-25,4.89,4.92,4.89,4.92
2012-06-26,4.89,4.891,4.88,4.88
2012-06-27,4.86,4.86,4.86,4.86
2012-06-28,4.86,4.87,4.86,4.87
2012-06-29,4.87,4.88,4.86,4.88
2012-07-03,4.88,4.9,4.88,4.89
2012-07-04,4.891,4.891,4.88,4.88
2012-07-05,4.89,4.8905,4.88,4.8905
2012-07-06,4.89,4.89,4.88,4.88
2012-07-09,4.88,4.89,4.88,4.89
2012-07-10,4.89,4.89,4.87,4.87
2012-07-11,4.89,4.89,4.82,4.82
2012-07-12,4.82,4.821,4.79,4.79
2012-07-13,4.79,4.81,4.72,4.72
2012-07-16,4.89,4.89,4.72,4.72
2012-07-17,4.72,4.721,4.71,4.71
2012-07-18,4.71,4.77,4.71,4.77
2012-07-19,4.76,4.79,4.76,4.77
2012-07-23,4.77,4.775,4.76,4.76
2012-07-24,4.76,4.761,4.73,4.73
2012-07-25,4.74,4.741,4.74,4.74
2012-07-26,4.74,4.741,4.72,4.72
2012-07-27,4.72,4.801,4.65,4.65
2012-07-30,4.65,4.72,4.52,4.52
2012-07-31,4.52,4.62,4.45,4.45
2012-08-01,4.451,4.46,4.45,4.45
2012-08-02,4.45,4.4555,4.45,4.4505
2012-08-03,4.46,4.52,4.4505,4.52
2012-08-06,4.52,4.521,4.5,4.51
2012-08-08,4.5,4.54,4.5,4.54
2012-08-09,4.54,4.56,4.53,4.56
2012-08-10,4.55,4.561,4.52,4.52
2012-08-13,4.57,4.571,4.565,4.57
2012-08-14,4.57,4.571,4.565,4.57
2012-08-15,4.56,4.571,4.56,4.56
2012-08-16,4.56,4.57,4.54,4.55
2012-08-17,4.55,4.551,4.545,4.55
2012-08-21,4.55,4.55,4.5,4.5
2012-08-22,4.5,4.51,4.49,4.51
2012-08-23,4.51,4.54,4.49,4.54
2012-08-24,4.54,4.5405,4.53,4.53
2012-08-27,4.53,4.56,4.53,4.56
2012-08-28,4.56,4.561,4.55,4.55
2012-08-29,4.55,4.6,4.55,4.6
2012-08-30,4.57,4.63,4.57,4.63
2012-08-31,4.63,4.631,4.585,4.6
2012-09-03,4.6,4.601,4.57,4.58
2012-09-04,4.6,4.601,4.57,4.57
2012-09-05,4.56,4.571,4.55,4.57
2012-09-06,4.55,4.571,4.51,4.52
2012-09-07,4.52,4.521,4.49,4.5
2012-09-10,4.5,4.5005,4.46,4.48
2012-09-11,4.46,4.4805,4.46,4.47
2012-09-12,4.47,4.53,4.47,4.48
2012-09-13,4.48,4.4905,4.48,4.4905
2012-09-14,4.48,4.56,4.48,4.56
2012-09-17,4.56,4.5605,4.55,4.5605
2012-09-18,4.55,4.58,4.55,4.58
2012-09-19,4.58,4.6,4.55,4.6
2012-09-20,4.6,4.6,4.54,4.54
2012-09-21,4.55,4.55,4.52,4.52
2012-09-24,4.52,4.59,4.52,4.59
2012-09-25,4.59,4.59,4.47,4.47
2012-09-26,4.47,4.48,4.47,4.48
2012-09-27,4.48,4.481,4.48,4.48
2012-09-28,4.48,4.485,4.48,4.48
2012-10-01,4.48,4.55,4.48,4.55
2012-10-02,4.54,4.57,4.54,4.57
2012-10-03,4.55,4.571,4.55,4.57
2012-10-04,4.56,4.58,4.56,4.58
2012-10-05,4.58,4.61,4.58,4.6
2012-10-08,4.6,4.69,4.6,4.69
2012-10-09,4.66,4.66,4.62,4.62
2012-10-10,4.62,4.65,4.62,4.65
2012-10-11,4.64,4.651,4.64,4.65
2012-10-12,4.64,4.64,4.63,4.63
2012-10-16,4.64,4.64,4.62,4.62
2012-10-17,4.61,4.64,4.59,4.64
2012-10-18,4.64,4.64,4.61,4.62
2012-10-19,4.61,4.61,4.52,4.54
2012-10-22,4.62,4.62,4.52,4.54
2012-10-23,4.54,4.541,4.53,4.53
2012-10-24,4.54,4.55,4.53,4.55
2012-10-25,4.54,4.56,4.54,4.56
2012-10-26,4.55,4.561,4.5,4.56
2012-10-29,4.56,4.61,4.56,4.61
2012-10-30,4.61,4.63,4.61,4.63
2012-10-31,4.62,4.64,4.62,4.64
2012-11-01,4.64,4.6405,4.63,4.63
2012-11-02,4.63,4.6305,4.61,4.61
2012-11-06,4.61,4.62,4.45,4.62
2012-11-07,4.62,4.62,4.59,4.61
2012-11-08,4.61,4.615,4.61,4.615
2012-11-09,4.61,4.615,4.61,4.61
2012-11-13,4.61,4.611,4.6,4.61
2012-11-14,4.61,4.65,4.61,4.65
2012-11-15,4.65,4.7,4.65,4.7
2012-11-16,4.701,4.701,4.7,4.7
2012-11-19,4.7,4.71,4.7,4.71
2012-11-20,4.71,4.7105,4.7,4.7
2012-11-21,4.71,4.71,4.67,4.67
2012-11-22,4.67,4.68,4.67,4.68
2012-11-23,4.69,4.69,4.67,4.67
2012-11-26,4.67,4.6705,4.52,4.52
2012-11-27,4.52,4.5205,4.41,4.51
2012-11-28,4.52,4.52,4.47,4.47
2012-11-29,4.47,4.52,4.47,4.52
2012-11-30,4.5,4.53,4.48,4.48
2012-12-03,4.48,4.53,4.48,4.49
2012-12-04,4.5,4.5,4.4905,4.4905
2012-12-05,4.5,4.51,4.4905,4.51
2012-12-06,4.45,4.5105,4.44,4.44
2012-12-07,4.44,4.45,4.44,4.4405
2012-12-10,4.44,4.46,4.44,4.46
2012-12-11,4.46,4.461,4.455,4.455
2012-12-12,4.46,4.47,4.46,4.47
2012-12-13,4.46,4.471,4.46,4.47
2012-12-14,4.47,4.471,4.42,4.42
2012-12-17,4.42,4.44,4.415,4.43
2012-12-18,4.42,4.431,4.42,4.42
2012-12-19,4.42,4.425,4.42,4.425
2012-12-20,4.43,4.43,4.38,4.38
2012-12-21,4.38,4.381,4.29,4.29
2012-12-24,4.29,4.3,4.17,4.2
2012-12-26,4.2,4.2,4.15,4.155
2012-12-27,4.15,4.17,4.15,4.17
2012-12-28,4.17,4.22,4.14,4.14
2013-01-02,4.17,4.17,4.13,4.14
2013-01-03,4.13,4.141,4.08,4.08
2013-01-04,4.02,4.02,4.02,4.02
2013-01-08,4.02,4.021,3.94,3.94
2013-01-09,3.94,3.98,3.9,3.98
2013-01-10,3.98,3.981,3.98,3.98
2013-01-11,3.98,3.981,3.95,3.95
2013-01-14,3.95,3.97,3.95,3.965
2013-01-15,3.97,3.971,3.93,3.93
2013-01-16,3.94,3.94,3.91,3.91
2013-01-17,3.91,3.91,3.89,3.91
2013-01-18,3.87,3.87,3.86,3.87
2013-01-21,3.87,3.871,3.82,3.82
2013-01-22,3.821,3.88,3.82,3.835
2013-01-23,3.881,3.91,3.88,3.88
2013-01-24,3.91,3.925,3.91,3.92
2013-01-25,3.92,3.9205,3.88,3.88
2013-01-28,3.88,3.89,3.86,3.86
2013-01-29,3.88,3.8805,3.83,3.83
2013-01-30,3.83,3.87,3.83,3.87
2013-01-31,3.84,3.871,3.84,3.86
2013-02-01,3.85,3.861,3.84,3.84
2013-02-04,3.84,3.85,3.84,3.8405
2013-02-05,3.841,3.841,3.81,3.81
2013-02-06,3.81,3.8105,3.64,3.64
2013-02-07,3.66,3.66,3.6405,3.6405
2013-02-08,3.64,3.69,3.64,3.69
2013-02-11,3.69,3.691,3.68,3.685
2013-02-12,3.681,3.69,3.67,3.69
2013-02-13,3.671,3.671,3.665,3.665
2013-02-14,3.67,3.671,3.66,3.66
2013-02-15,3.661,3.661,3.65,3.65
2013-02-18,3.65,3.65,3.65,3.65
2013-02-19,3.651,3.6555,3.651,3.655
2013-02-20,3.66,3.66,3.64,3.64
2013-02-21,3.65,3.65,3.64,3.65
2013-02-22,3.65,3.65,3.56,3.56
2013-02-25,3.56,3.59,3.56,3.59
2013-02-26,3.59,3.59,3.54,3.54
2013-02-27,3.54,3.541,3.51,3.51
2013-02-28,3.52,3.53,3.51,3.51
2013-03-01,3.53,3.53,3.5,3.5
2013-03-04,3.5,3.5005,3.49,3.49
2013-03-05,3.491,3.491,3.43,3.43
2013-03-06,3.43,3.4605,3.43,3.45
2013-03-07,3.45,3.47,3.435,3.47
2013-03-08,3.42,3.49,3.42,3.49
2013-03-11,3.49,3.52,3.49,3.49
2013-03-12,3.53,3.53,3.49,3.5
2013-03-13,3.5,3.501,3.44,3.44
2013-03-14,3.48,3.48,3.42,3.42
2013-03-15,3.44,3.44,3.38,3.38
2013-03-18,3.38,3.39,3.37,3.37
2013-03-19,3.38,3.41,3.3705,3.41
2013-03-20,3.41,3.49,3.41,3.49
2013-03-21,3.49,3.55,3.47,3.55
2013-03-22,3.55,3.6,3.52,3.6
2013-03-26,3.6,3.6005,3.18,3.2
2013-03-27,3.2,3.36,3.185,3.2
2013-04-01,3.2,3.27,3.2,3.27
2013-04-02,3.27,3.29,3.26,3.26
2013-04-03,3.28,3.32,3.26,3.32
2013-04-04,3.34,3.35,3.32,3.35
2013-04-05,3.35,3.351,3.26,3.26
2013-04-08,3.26,3.261,3.17,3.17
2013-04-09,3.25,3.25,3.17,3.23
2013-04-10,3.23,3.25,3.23,3.245
2013-04-11,3.251,3.251,3.23,3.23
2013-04-12,3.231,3.231,3.22,3.22
2013-04-15,3.23,3.255,3.23,3.25
2013-04-16,3.251,3.29,3.25,3.29
2013-04-17,3.29,3.2905,3.26,3.26
2013-04-18,3.25,3.2605,3.25,3.25
2013-04-19,3.24,3.24,3.24,3.24
2013-04-22,3.24,3.25,3.17,3.17
2013-04-23,3.17,3.18,3.17,3.18
2013-04-24,3.18,3.181,3.14,3.17
2013-04-25,3.17,3.171,3.07,3.07
2013-04-26,3.12,3.14,3.07,3.14
2013-04-29,3.14,3.22,3.13,3.21
2013-04-30,3.21,3.24,3.21,3.24
2013-05-01,3.21,3.21,3.21,3.21
2013-05-02,3.21,3.241,3.21,3.21
2013-05-03,3.21,3.23,3.2,3.21
2013-05-06,3.21,3.3,3.2,3.27
2013-05-07,3.27,3.3,3.25,3.25
2013-05-08,3.25,3.27,3.25,3.25
2013-05-09,3.25,3.26,3.21,3.21
2013-05-10,3.21,3.23,3.21,3.23
2013-05-13,3.23,3.23,3.23,3.23
2013-05-14,3.23,3.27,3.21,3.24
2013-05-15,3.27,3.3,3.24,3.29
2013-05-16,3.3,3.31,3.28,3.28
2013-05-17,3.28,3.295,3.28,3.29
2013-05-20,3.29,3.291,3.25,3.25
2013-05-21,3.24,3.29,3.24,3.29
2013-05-22,3.28,3.33,3.28,3.305
2013-05-23,3.33,3.42,3.33,3.39
2013-05-24,3.39,3.391,3.36,3.36
2013-05-27,3.36,3.38,3.36,3.37
2013-05-28,3.39,3.45,3.32,3.45
2013-05-29,3.41,3.4605,3.41,3.42
2013-05-30,3.42,3.49,3.42,3.49
2013-05-31,3.49,3.4905,3.45,3.47
2013-06-03,3.47,3.47,3.47,3.47
2013-06-04,3.47,3.471,3.425,3.43
2013-06-05,3.43,3.56,3.43,3.51
2013-06-06,3.51,3.54,3.51,3.52
2013-06-07,3.52,3.521,3.42,3.47
2013-06-10,3.47,3.47,3.47,3.47
2013-06-11,3.49,3.59,3.47,3.58
2013-06-12,3.58,3.63,3.52,3.56
2013-06-13,3.56,3.58,3.455,3.49
2013-06-14,3.47,3.595,3.42,3.52
2013-06-17,3.52,3.55,3.44,3.47
2013-06-18,3.5,3.5,3.445,3.48
2013-06-19,3.48,3.63,3.46,3.63
2013-06-20,3.5,3.73,3.5,3.71
2013-06-21,3.56,3.745,3.56,3.72
2013-06-24,3.71,3.9,3.71,3.75
2013-06-25,3.75,3.7705,3.63,3.655
2013-06-26,3.65,3.665,3.58,3.585
2013-06-27,3.58,3.58,3.48,3.48
2013-06-28,3.48,3.481,3.35,3.445
2013-07-01,3.45,3.45,3.445,3.445
2013-07-02,3.45,3.52,3.42,3.46
2013-07-03,3.48,3.5,3.445,3.49
2013-07-04,3.49,3.535,3.46,3.535
2013-07-05,3.49,3.595,3.49,3.53
2013-07-08,3.54,3.565,3.54,3.555
2013-07-09,3.54,3.555,3.51,3.51
2013-07-10,3.51,3.51,3.45,3.45
2013-07-11,3.39,3.475,3.39,3.43
2013-07-12,3.44,3.47,3.43,3.46
2013-07-15,3.46,3.52,3.43,3.47
2013-07-16,3.48,3.49,3.41,3.44
2013-07-17,3.45,3.495,3.375,3.44
2013-07-18,3.45,3.61,3.42,3.49
2013-07-19,3.5,3.545,3.47,3.49
2013-07-22,3.48,3.505,3.46,3.49
2013-07-23,3.49,3.55,3.49,3.52
2013-07-24,3.52,3.64,3.46,3.64
2013-07-25,3.58,3.59,3.56,3.56
2013-07-26,3.56,3.57,3.56,3.57
2013-07-29,3.57,3.72,3.545,3.58
2013-07-30,3.57,3.64,3.56,3.6
2013-07-31,3.6,3.645,3.565,3.6
2013-08-01,3.6,3.6055,3.58,3.6005
2013-08-02,3.72,3.7205,3.53,3.655
2013-08-05,3.59,3.7205,3.5,3.56
2013-08-06,3.57,3.615,3.53,3.58
2013-08-07,3.59,3.59,3.56,3.58
2013-08-08,3.59,3.6,3.545,3.56
2013-08-09,3.57,3.65,3.54,3.54
2013-08-12,3.55,3.58,3.52,3.54
2013-08-13,3.54,3.605,3.54,3.585
2013-08-14,3.58,3.595,3.525,3.55
2013-08-15,3.56,3.635,3.545,3.55
2013-08-16,3.57,3.635,3.53,3.63
2013-08-19,3.63,3.63,3.63,3.63
2013-08-20,3.63,3.65,3.585,3.62
2013-08-21,3.61,3.6705,3.58,3.62
2013-08-22,3.63,3.66,3.595,3.61
2013-08-23,3.62,3.6355,3.56,3.59
2013-08-26,3.59,3.6,3.55,3.595
2013-08-27,3.6,3.68,3.56,3.595
2013-08-28,3.6,3.62,3.565,3.6
2013-08-29,3.61,3.635,3.57,3.61
2013-08-30,3.61,3.63,3.56,3.56
2013-09-02,3.57,3.57,3.505,3.51
2013-09-03,3.56,3.565,3.375,3.425
2013-09-04,3.4,3.43,3.335,3.36
2013-09-05,3.36,3.4055,3.35,3.37
2013-09-06,3.35,3.3805,3.235,3.295
2013-09-09,3.37,3.37,3.185,3.21
2013-09-10,3.21,3.275,3.185,3.215
2013-09-11,3.22,3.2205,3.16,3.16
2013-09-12,3.16,3.2,3.1,3.18
2013-09-13,3.18,3.21,3.125,3.21
2013-09-16,3.2,3.27,3.14,3.23
2013-09-17,3.21,3.395,3.21,3.35
2013-09-18,3.36,3.48,3.31,3.39
2013-09-19,3.37,3.42,3.245,3.4
2013-09-20,3.39,3.47,3.36,3.435
2013-09-23,3.37,3.495,3.37,3.45
2013-09-24,3.42,3.52,3.365,3.425
2013-09-25,3.42,3.43,3.305,3.375
2013-09-26,3.37,3.38,3.34,3.34
2013-09-27,3.34,3.44,3.33,3.44
2013-09-30,3.44,3.58,3.4,3.52
2013-10-01,3.52,3.55,3.515,3.54
2013-10-02,3.55,3.555,3.5,3.5
2013-10-03,3.52,3.5255,3.5,3.5
2013-10-04,3.49,3.525,3.48,3.495
2013-10-07,3.53,3.55,3.445,3.5
2013-10-08,3.5,3.515,3.485,3.5
2013-10-09,3.51,3.555,3.495,3.54
2013-10-10,3.54,3.5555,3.49,3.52
2013-10-11,3.53,3.5355,3.49,3.5
2013-10-15,3.5,3.515,3.48,3.49
2013-10-16,3.49,3.505,3.475,3.49
2013-10-17,3.5,3.501,3.44,3.44
2013-10-18,3.47,3.49,3.44,3.46
2013-10-21,3.45,3.49,3.43,3.43
2013-10-22,3.43,3.445,3.4,3.4
2013-10-23,3.46,3.46,3.37,3.415
2013-10-24,3.46,3.46,3.38,3.45
2013-10-25,3.46,3.49,3.415,3.48
2013-10-28,3.49,3.51,3.455,3.51
2013-10-29,3.52,3.57,3.48,3.55
2013-10-30,3.48,3.57,3.48,3.55
2013-10-31,3.55,3.63,3.5405,3.59
2013-11-01,3.6,3.655,3.59,3.62
2013-11-04,3.62,3.63,3.59,3.62
2013-11-05,3.63,3.65,3.62,3.625
2013-11-06,3.62,3.635,3.505,3.53
2013-11-07,3.53,3.55,3.51,3.55
2013-11-08,3.55,3.59,3.51,3.58
2013-11-11,3.58,3.58,3.58,3.58
2013-11-12,3.58,3.63,3.535,3.56
2013-11-13,3.57,3.5905,3.515,3.55
2013-11-14,3.55,3.565,3.54,3.545
2013-11-15,3.54,3.5705,3.53,3.53
2013-11-18,3.54,3.5655,3.525,3.54
2013-11-19,3.54,3.59,3.525,3.59
2013-11-20,3.56,3.5855,3.55,3.555
2013-11-21,3.55,3.565,3.52,3.52
2013-11-22,3.52,3.5205,3.465,3.49
2013-11-25,3.49,3.5055,3.46,3.48
2013-11-26,3.48,3.5,3.47,3.47
2013-11-27,3.46,3.505,3.45,3.48
2013-11-28,3.46,3.495,3.45,3.47
2013-11-29,3.475,3.495,3.475,3.4805
2013-12-02,3.48,3.5,3.48,3.5
2013-12-03,3.5,3.51,3.485,3.51
2013-12-04,3.51,3.53,3.485,3.52
2013-12-05,3.52,3.531,3.505,3.51
2013-12-06,3.52,3.521,3.44,3.44
2013-12-09,3.44,3.51,3.43,3.44
2013-12-10,3.44,3.441,3.43,3.44
2013-12-11,3.44,3.48,3.43,3.48
2013-12-12,3.44,3.4855,3.44,3.46
2013-12-13,3.37,3.4955,3.37,3.47
2013-12-16,3.44,3.48,3.39,3.39
2013-12-17,3.39,3.41,3.36,3.36
2013-12-18,3.36,3.38,3.36,3.38
2013-12-19,3.36,3.47,3.36,3.45
2013-12-20,3.45,3.465,3.38,3.45
2013-12-23,3.45,3.48,3.425,3.48
2013-12-24,3.48,3.4805,3.45,3.45
2013-12-26,3.46,3.4805,3.45,3.48
2013-12-27,3.47,3.49,3.47,3.49
2013-12-30,3.491,3.5,3.4905,3.5
2014-01-02,3.511,3.511,3.47,3.51
2014-01-03,3.501,3.51,3.5005,3.51
2014-01-06,3.52,3.52,3.51,3.51
2014-01-07,3.52,3.525,3.435,3.455
2014-01-08,3.52,3.52,3.41,3.44
2014-01-09,3.45,3.49,3.445,3.47
2014-01-10,3.47,3.4705,3.39,3.42
2014-01-13,3.43,3.56,3.405,3.44
2014-01-14,3.44,3.485,3.425,3.45
2014-01-15,3.46,3.5,3.455,3.495
2014-01-16,3.47,3.5005,3.445,3.47
2014-01-17,3.48,3.52,3.46,3.465
2014-01-20,3.49,3.5255,3.48,3.48
2014-01-21,3.5,3.525,3.47,3.5
2014-01-22,3.5,3.5355,3.475,3.525
2014-01-23,3.51,3.5405,3.485,3.52
2014-01-24,3.53,3.545,3.5,3.51
2014-01-27,3.52,3.545,3.495,3.51
2014-01-28,3.52,3.54,3.5,3.5
2014-01-29,3.52,3.56,3.49,3.56
2014-01-30,3.56,3.64,3.56,3.63
2014-01-31,3.63,3.78,3.56,3.68
2014-02-03,3.68,3.73,3.655,3.71
2014-02-04,3.68,3.77,3.68,3.705
2014-02-05,3.7,3.71,3.695,3.71
2014-02-06,3.71,3.71,3.625,3.65
2014-02-07,3.66,3.665,3.595,3.605
2014-02-10,3.62,3.65,3.61,3.61
2014-02-11,3.63,3.65,3.615,3.615
2014-02-12,3.63,3.645,3.625,3.625
2014-02-13,3.63,3.65,3.605,3.625
2014-02-14,3.65,3.65,3.595,3.6
2014-02-17,3.61,3.62,3.6,3.61
2014-02-18,3.63,3.63,3.61,3.63
2014-02-19,3.63,3.66,3.61,3.65
2014-02-20,3.65,3.71,3.65,3.69
2014-02-21,3.69,3.69,3.67,3.68
2014-02-24,3.68,3.69,3.68,3.68
2014-02-25,3.68,3.7,3.65,3.675
2014-02-26,3.67,3.725,3.67,3.68
2014-02-27,3.68,3.7,3.67,3.7
2014-02-28,3.69,3.71,3.665,3.7
2014-03-03,3.69,3.715,3.67,3.69
2014-03-04,3.69,3.695,3.69,3.69
2014-03-05,3.69,3.72,3.69,3.72
2014-03-06,3.71,3.721,3.69,3.72
2014-03-07,3.72,3.75,3.69,3.74
2014-03-10,3.72,3.78,3.72,3.78
2014-03-11,3.79,3.82,3.775,3.81
2014-03-12,3.81,3.84,3.74,3.84
2014-03-13,3.84,3.86,3.81,3.84
2014-03-14,3.84,3.841,3.8175,3.83
2014-03-17,3.83,3.8505,3.805,3.825
2014-03-18,3.83,3.86,3.82,3.85
2014-03-19,3.84,3.851,3.74,3.765
2014-03-20,3.8,3.8405,3.74,3.82
2014-03-21,3.83,3.845,3.8,3.83
2014-03-24,3.79,3.81,3.79,3.81
2014-03-25,3.79,3.8,3.75,3.7905
2014-03-26,3.75,3.79,3.705,3.745
2014-03-27,3.74,3.7405,3.71,3.72
2014-03-28,3.73,3.755,3.71,3.735
2014-03-31,3.75,3.77,3.75,3.76
2014-04-01,3.78,3.78,3.74,3.745
2014-04-02,3.76,3.76,3.7405,3.75
2014-04-03,3.77,3.79,3.7605,3.775
2014-04-04,3.79,3.83,3.77,3.81
2014-04-07,3.79,3.87,3.79,3.85
2014-04-08,3.83,3.85,3.83,3.85
2014-04-09,3.83,3.88,3.83,3.88
2014-04-10,3.87,3.9,3.845,3.89
2014-04-11,3.89,3.92,3.875,3.9
2014-04-14,3.92,3.925,3.895,3.895
2014-04-15,3.92,3.965,3.92,3.95
2014-04-16,3.92,3.97,3.815,3.96
2014-04-17,3.96,3.96,3.96,3.96
2014-04-21,3.96,3.98,3.945,3.945
2014-04-22,3.98,4.02,3.95,3.97
2014-04-23,3.98,4.07,3.98,4.01
2014-04-24,4.05,4.08,4.05,4.06
2014-04-25,4.04,4.19,3.99,4.19
2014-04-28,4.03,4.3,4.03,4.275
2014-04-29,4.28,4.315,4.28,4.315
2014-04-30,4.311,4.311,4.29,4.29
2014-05-01,4.3,4.3,4.3,4.3
2014-05-02,4.3,4.315,4.295,4.315
2014-05-05,4.3,4.32,4.3,4.3
2014-05-06,4.37,4.38,4.32,4.355
2014-05-07,4.36,4.37,4.31,4.33
2014-05-08,4.33,4.331,4.32,4.33
2014-05-09,4.33,4.36,4.33,4.35
2014-05-12,4.35,4.415,4.35,4.415
2014-05-13,4.4,4.415,4.345,4.345
2014-05-14,4.41,4.43,4.35,4.425
2014-05-15,4.43,4.48,4.4,4.45
2014-05-16,4.45,4.48,4.45,4.47
2014-05-19,4.47,4.48,4.46,4.48
2014-05-20,4.485,4.52,4.46,4.48
2014-05-21,4.48,4.52,4.455,4.455
2014-05-22,4.47,4.48,4.46,4.475
2014-05-23,4.48,4.48,4.45,4.4605
2014-05-26,4.46,4.48,4.46,4.46
2014-05-27,4.46,4.48,4.46,4.47
2014-05-28,4.495,4.495,4.405,4.43
2014-05-29,4.43,4.435,4.36,4.4
2014-05-30,4.4,4.42,4.4,4.41
2014-06-03,4.41,4.43,4.39,4.43
2014-06-04,4.43,4.455,4.43,4.455
2014-06-05,4.43,4.43,4.4,4.4
2014-06-06,4.4,4.47,4.395,4.47
2014-06-09,4.44,4.47,4.42,4.43
2014-06-10,4.42,4.45,4.42,4.45
2014-06-11,4.45,4.4805,4.45,4.4505
2014-06-12,4.45,4.4805,4.425,4.45
2014-06-13,4.455,4.51,4.45,4.5
2014-06-16,4.5,4.57,4.5,4.57
2014-06-17,4.57,4.62,4.5605,4.62
2014-06-18,4.62,4.665,4.6105,4.665
2014-06-19,4.665,4.75,4.6605,4.69
2014-06-20,4.75,4.75,4.7205,4.74
2014-06-24,4.72,4.73,4.72,4.725
2014-06-25,4.73,4.79,4.725,4.79
2014-06-26,4.79,4.7905,4.77,4.78
2014-06-27,4.775,4.775,4.75,4.75
2014-07-01,4.75,4.7505,4.73,4.74
2014-07-02,4.74,4.78,4.73,4.77
2014-07-03,4.775,4.79,4.75,4.75
2014-07-04,4.75,4.755,4.75,4.75
2014-07-07,4.75,4.7505,4.71,4.725
2014-07-08,4.72,4.725,4.7,4.715
2014-07-09,4.71,4.725,4.7,4.725
2014-07-10,4.725,4.725,4.67,4.67
2014-07-11,4.67,4.6705,4.63,4.63
2014-07-14,4.62,4.63,4.585,4.59
2014-07-15,4.585,4.591,4.55,4.555
2014-07-16,4.555,4.555,4.525,4.525
2014-07-17,4.541,4.541,4.515,4.515
2014-07-18,4.521,4.525,4.52,4.525
2014-07-21,4.52,4.53,4.495,4.53
2014-07-22,4.52,4.55,4.52,4.53
2014-07-23,4.53,4.54,4.53,4.54
2014-07-24,4.54,4.6,4.54,4.5425
2014-07-25,4.59,4.5905,4.5425,4.575
2014-07-28,4.58,4.5805,4.56,4.57
2014-07-29,4.57,4.5955,4.54,4.5705
2014-07-30,4.59,4.61,4.5705,4.59
2014-07-31,4.61,4.64,4.59,4.64
2014-08-01,4.6,4.64,4.6,4.61
2014-08-04,4.62,4.65,4.62,4.64
2014-08-05,4.64,4.67,4.64,4.67
2014-08-06,4.66,4.671,4.62,4.67
2014-08-08,4.63,4.665,4.63,4.665
2014-08-11,4.63,4.6305,4.615,4.615
2014-08-12,4.63,4.6305,4.6225,4.6225
2014-08-13,4.6225,4.6405,4.61,4.61
2014-08-14,4.63,4.63,4.535,4.555
2014-08-15,4.535,4.545,4.535,4.54
2014-08-19,4.55,4.555,4.46,4.51
2014-08-20,4.51,4.53,4.51,4.53
2014-08-21,4.53,4.58,4.53,4.56
2014-08-22,4.56,4.59,4.56,4.58
2014-08-25,4.58,4.61,4.575,4.61
2014-08-26,4.61,4.63,4.5805,4.595
2014-08-27,4.61,4.6105,4.59,4.6
2014-08-28,4.59,4.6,4.57,4.59
2014-08-29,4.59,4.6,4.56,4.6
2014-09-01,4.6,4.605,4.575,4.6
2014-09-02,4.6,4.61,4.57,4.595
2014-09-03,4.61,4.62,4.585,4.61
2014-09-04,4.61,4.62,4.6,4.61
2014-09-05,4.61,4.615,4.595,4.595
2014-09-08,4.62,4.63,4.62,4.62
2014-09-09,4.62,4.65,4.62,4.64
2014-09-10,4.64,4.651,4.62,4.62
2014-09-11,4.62,4.62,4.61,4.61
2014-09-12,4.61,4.64,4.61,4.64
2014-09-15,4.61,4.64,4.575,4.575
2014-09-16,4.575,4.591,4.54,4.54
2014-09-17,4.54,4.551,4.52,4.53
2014-09-18,4.53,4.54,4.53,4.53
2014-09-19,4.53,4.54,4.505,4.53
2014-09-22,4.53,4.55,4.52,4.545
2014-09-23,4.545,4.57,4.54,4.56
2014-09-24,4.56,4.59,4.56,4.59
2014-09-25,4.575,4.6,4.575,4.59
2014-09-26,4.575,4.591,4.575,4.575
2014-09-29,4.58,4.581,4.56,4.58
2014-09-30,4.58,4.581,4.56,4.57
2014-10-01,4.57,4.581,4.57,4.57
2014-10-02,4.56,4.58,4.56,4.57
2014-10-03,4.58,4.59,4.555,4.58
2014-10-06,4.58,4.585,4.55,4.56
2014-10-07,4.56,4.575,4.54,4.56
2014-10-08,4.56,4.57,4.56,4.57
2014-10-09,4.56,4.571,4.56,4.56
2014-10-10,4.535,4.57,4.535,4.545
2014-10-14,4.56,4.565,4.54,4.54
2014-10-15,4.545,4.545,4.5,4.5
2014-10-16,4.505,4.515,4.48,4.515
2014-10-17,4.5,4.52,4.49,4.515
2014-10-20,4.51,4.52,4.51,4.515
2014-10-21,4.515,4.525,4.5,4.5
2014-10-22,4.5,4.515,4.5,4.515
2014-10-23,4.5,4.515,4.49,4.515
2014-10-24,4.515,4.515,4.48,4.495
2014-10-27,4.5,4.505,4.49,4.5
2014-10-28,4.5,4.51,4.49,4.5005
2014-10-29,4.5,4.5005,4.48,4.48
2014-10-30,4.48,4.485,4.47,4.475
2014-10-31,4.47,4.475,4.47,4.4705
2014-11-04,4.47,4.505,4.455,4.455
2014-11-05,4.455,4.48,4.455,4.48
2014-11-06,4.47,4.495,4.47,4.4705
2014-11-07,4.485,4.495,4.465,4.485
2014-11-10,4.46,4.49,4.45,4.465
2014-11-11,4.44,4.465,4.43,4.44
2014-11-12,4.44,4.465,4.415,4.44
2014-11-13,4.44,4.4755,4.43,4.4505
2014-11-14,4.45,4.4505,4.44,4.44
2014-11-18,4.44,4.46,4.43,4.445
2014-11-19,4.445,4.45,4.44,4.44
2014-11-20,4.43,4.44,4.42,4.42
2014-11-21,4.42,4.43,4.37,4.38
2014-11-24,4.38,4.385,4.37,4.38
2014-11-25,4.38,4.39,4.37,4.37
2014-11-26,4.37,4.3705,4.36,4.36
2014-11-27,4.36,4.3605,4.33,4.36
2014-11-28,4.33,4.3505,4.27,4.3
2014-12-01,4.3,4.32,4.29,4.31
2014-12-02,4.445,4.445,4.31,4.34
2014-12-03,4.34,4.36,4.32,4.35
2014-12-04,4.35,4.351,4.33,4.33
2014-12-05,4.33,4.37,4.32,4.35
2014-12-09,4.35,4.38,4.33,4.37
2014-12-10,4.35,4.445,4.35,4.445
2014-12-11,4.44,4.46,4.44,4.44
2014-12-12,4.44,4.45,4.42,4.45
2014-12-15,4.45,4.47,4.44,4.47
2014-12-16,4.47,4.53,4.455,4.515
2014-12-17,4.52,4.521,4.49,4.52
2014-12-18,4.51,4.521,4.48,4.51
2014-12-19,4.51,4.511,4.49,4.51
2014-12-22,4.51,4.51,4.47,4.51
2014-12-23,4.49,4.5105,4.49,4.51
2014-12-24,4.51,4.5105,4.51,4.5105
2014-12-26,4.51,4.51,4.51,4.51
2014-12-29,4.51,4.54,4.495,4.54
2014-12-30,4.53,4.54,4.51,4.525
2015-01-02,4.54,4.5455,4.525,4.525
2015-01-05,4.54,4.56,4.54,4.54
2015-01-06,4.55,4.551,4.53,4.54
2015-01-07,4.54,4.565,4.5,4.565
2015-01-08,4.51,4.535,4.41,4.485
2015-01-09,4.48,4.49,4.455,4.49
2015-01-13,4.49,4.55,4.47,4.48
2015-01-14,4.47,4.471,4.43,4.44
2015-01-15,4.44,4.441,4.38,4.39
2015-01-16,4.41,4.42,4.32,4.37
2015-01-19,4.36,4.48,3.76,4.36
2015-01-20,4.36,4.38,4.31,4.35
2015-01-21,4.35,4.365,4.25,4.3
2015-01-22,4.3,4.3,4.205,4.3
2015-01-23,4.3,4.3,4.215,4.22
2015-01-26,4.22,4.235,4.22,4.225
2015-01-27,4.28,4.28,4.21,4.21
2015-01-28,4.21,4.35,4.2005,4.21
2015-01-29,4.21,4.23,4.18,4.195
2015-01-30,4.195,4.23,4.1905,4.23
2015-02-02,4.2,4.22,4.08,4.17
2015-02-03,4.18,4.3,4.17,4.22
2015-02-04,4.22,4.29,4.22,4.26
2015-02-05,4.29,4.36,4.27,4.28
2015-02-06,4.275,4.41,4.275,4.41
2015-02-09,4.39,4.47,4.36,4.45
2015-02-10,4.45,4.45,4.38,4.44
2015-02-11,4.415,4.415,4.35,4.375
2015-02-12,4.375,4.375,4.325,4.35
2015-02-13,4.33,4.3305,4.3,4.3
2015-02-16,4.31,4.3205,4.28,4.31
2015-02-17,4.31,4.31,4.28,4.285
2015-02-18,4.3,4.3,4.275,4.28
2015-02-19,4.28,4.31,4.28,4.305
2015-02-20,4.305,4.36,4.3,4.3
2015-02-23,4.3,4.31,4.29,4.29
2015-02-24,4.3,4.311,4.27,4.285
2015-02-25,4.29,4.2955,4.26,4.28
2015-02-26,4.28,4.3005,4.27,4.27
2015-02-27,4.26,4.2605,4.255,4.255
2015-03-02,4.26,4.29,4.26,4.26
2015-03-03,4.275,4.29,4.26,4.27
2015-03-04,4.28,4.31,4.27,4.3
2015-03-05,4.29,4.365,4.29,4.36
2015-03-06,4.36,4.53,4.36,4.52
2015-03-09,4.52,4.605,4.52,4.53
2015-03-10,4.62,4.64,4.6,4.64
2015-03-11,4.64,4.67,4.575,4.63
2015-03-12,4.61,4.645,4.58,4.645
2015-03-13,4.64,4.67,4.64,4.665
2015-03-16,4.665,4.69,4.64,4.68
2015-03-17,4.67,4.681,4.61,4.63
2015-03-18,4.63,4.64,4.58,4.59
2015-03-19,4.58,4.641,4.54,4.585
2015-03-20,4.585,4.601,4.565,4.58
2015-03-23,4.55,4.55,4.55,4.55
2015-03-24,4.55,4.581,4.47,4.51
2015-03-25,4.52,4.53,4.495,4.53
2015-03-26,4.53,4.57,4.53,4.55
2015-03-27,4.54,4.58,4.54,4.58
2015-03-30,4.58,4.63,4.58,4.63
2015-03-31,4.63,4.665,4.62,4.63
2015-04-01,4.645,4.66,4.59,4.61
2015-04-03,4.63,4.63,4.62,4.62
2015-04-06,4.57,4.611,4.535,4.57
2015-04-07,4.54,4.541,4.465,4.49
2015-04-08,4.465,4.491,4.29,4.46
2015-04-09,4.455,4.49,4.385,4.385
2015-04-10,4.44,4.48,4.4,4.46
2015-04-13,4.46,4.4805,4.45,4.45
2015-04-14,4.45,4.4755,4.43,4.45
2015-04-15,4.45,4.4505,4.39,4.405
2015-04-16,4.41,4.42,4.4,4.4
2015-04-17,4.39,4.4005,4.38,4.395
2015-04-20,4.4,4.405,4.39,4.39
2015-04-21,4.39,4.405,4.38,4.39
2015-04-22,4.41,4.43,4.38,4.41
2015-04-23,4.42,4.4205,4.39,4.405
2015-04-24,4.39,4.41,4.37,4.3875
2015-04-27,4.385,4.42,4.385,4.41
2015-04-28,4.41,4.42,4.39,4.41
2015-04-29,4.42,4.45,4.39,4.43
2015-04-30,4.43,4.47,4.42,4.4325
2015-05-01,4.45,4.45,4.4475,4.4475
2015-05-04,4.445,4.47,4.445,4.4525
2015-05-05,4.466,4.47,4.4655,4.47
2015-05-06,4.46,4.51,4.46,4.51
2015-05-07,4.526,4.526,4.5225,4.525
2015-05-08,4.51,4.53,4.5,4.5
2015-05-11,4.495,4.52,4.49,4.505
2015-05-12,4.49,4.52,4.47,4.47
2015-05-13,4.47,4.49,4.44,4.4725
2015-05-14,4.47,4.51,4.46,4.47
2015-05-15,4.47,4.49,4.46,4.47
2015-05-19,4.465,4.51,4.46,4.49
2015-05-20,4.49,4.51,4.475,4.475
2015-05-21,4.475,4.69,4.36,4.4775
2015-05-22,4.48,4.65,4.4475,4.4475
2015-05-25,4.465,4.466,4.4575,4.46
2015-05-26,4.46,4.47,4.455,4.46
2015-05-27,4.46,4.461,4.435,4.435
2015-05-28,4.45,4.47,4.43,4.44
2015-05-29,4.44,4.45,4.425,4.44
2015-06-01,4.43,4.45,4.43,4.445
2015-06-02,4.45,4.5,4.45,4.49
2015-06-03,4.46,4.4925,4.46,4.4925
2015-06-04,4.48,4.49,4.46,4.465
2015-06-05,4.5,4.5,4.475,4.485
2015-06-08,4.49,4.49,4.49,4.49
2015-06-09,4.49,4.491,4.465,4.465
2015-06-10,4.48,4.5,4.47,4.475
2015-06-11,4.49,4.49,4.46,4.46
2015-06-12,4.49,4.49,4.45,4.45
2015-06-16,4.46,4.47,4.46,4.47
2015-06-17,4.46,4.49,4.46,4.46
2015-06-18,4.47,4.51,4.465,4.49
2015-06-19,4.49,4.51,4.48,4.485
2015-06-22,4.51,5.0,4.4855,4.49
2015-06-23,4.51,4.52,4.49,4.5075
2015-06-24,4.51,4.54,4.5055,4.5175
2015-06-25,4.53,4.54,4.52,4.5225
2015-06-26,4.52,4.63,4.5155,4.535
2015-06-30,4.535,4.55,4.52,4.53
2015-07-01,4.53,4.63,4.53,4.58
2015-07-02,4.6,4.61,4.57,4.58
2015-07-03,4.57,4.585,4.57,4.57
2015-07-06,4.57,4.585,4.55,4.585
2015-07-07,4.575,4.586,4.56,4.57
2015-07-08,4.58,4.6,4.57,4.575
2015-07-09,4.575,4.6,4.57,4.57
2015-07-10,4.575,4.585,4.56,4.565
2015-07-13,4.565,4.585,4.53,4.57
2015-07-14,4.56,4.57,4.53,4.5425
2015-07-15,4.54,4.55,4.53,4.53
2015-07-16,4.53,4.57,4.52,4.53
2015-07-17,4.53,4.56,4.53,4.53
2015-07-21,4.54,4.54,4.51,4.525
2015-07-22,4.525,4.54,4.5,4.505
2015-07-23,4.505,4.5255,4.5,4.52
2015-07-24,4.52,4.56,4.515,4.5525
2015-07-27,4.565,4.58,4.535,4.565
2015-07-28,4.55,4.6,4.545,4.545
2015-07-29,4.575,4.5955,4.55,4.5705
2015-07-30,4.585,4.6,4.57,4.58
2015-07-31,4.585,4.62,4.57,4.58
2015-08-03,4.575,4.81,4.565,4.78
2015-08-04,4.81,4.97,4.78,4.93
2015-08-05,4.93,4.95,4.85,4.91
2015-08-06,4.93,5.09,4.93,5.08
2015-08-07,5.03,5.03,5.03,5.03
2015-08-10,5.08,5.081,5.01,5.01
2015-08-11,5.06,5.06,4.9,4.92
2015-08-12,4.98,5.02,4.82,4.92
2015-08-13,4.92,4.945,4.9,4.945
2015-08-14,4.935,4.96,4.93,4.94
2015-08-18,4.945,5.02,4.935,4.995
2015-08-19,5.005,5.06,4.9875,5.01
2015-08-20,5.01,5.08,5.0,5.0425
2015-08-21,5.06,5.2,5.06,5.13
2015-08-24,5.135,5.2,4.61,5.19
2015-08-25,5.17,5.19,5.15,5.18
2015-08-26,5.175,5.22,5.11,5.21
2015-08-27,5.21,5.21,5.09,5.1675
2015-08-28,5.16,5.16,5.07,5.11
2015-08-31,5.09,5.13,5.055,5.06
2015-09-01,5.055,5.12,5.045,5.105
2015-09-02,5.11,5.26,5.07,5.155
2015-09-03,5.21,5.21,5.1475,5.2
2015-09-04,5.19,5.245,5.16,5.225
2015-09-07,5.22,5.34,5.22,5.255
2015-09-08,5.285,5.33,5.225,5.3
2015-09-09,5.27,5.2913,5.23,5.25
2015-09-10,5.25,5.275,5.175,5.175
2015-09-11,5.175,5.18,5.1,5.1
2015-09-14,5.13,5.1701,5.1234,5.16
2015-09-15,5.16,5.19,5.15,5.15
2015-09-16,5.13,5.14,5.13,5.13
2015-09-17,5.13,5.14,5.1,5.1
2015-09-18,5.1,5.1,4.99,5.01
2015-09-21,5.0,5.0041,4.9799,5.0
2015-09-22,5.0,5.11,5.0,5.08
2015-09-23,5.08,5.135,5.06,5.135
2015-09-24,5.12,5.185,5.12,5.15
2015-09-25,5.11,5.16,5.11,5.16
2015-09-28,5.165,5.3511,5.1633,5.35
2015-09-29,5.351,5.3801,5.35,5.38
2015-09-30,5.36,5.38,5.32,5.32
2015-10-01,5.32,5.33,5.26,5.3
2015-10-02,5.3,5.3,5.26,5.28
2015-10-05,5.28,5.295,5.2676,5.29
2015-10-06,5.29,5.4,5.29,5.36
2015-10-07,5.36,5.41,5.33,5.39
2015-10-08,5.39,5.39,5.36,5.36
2015-10-09,5.36,5.38,5.33,5.38
2015-10-13,5.38,5.4003,5.3676,5.38
2015-10-14,5.38,5.4,5.35,5.36
2015-10-15,5.36,5.36,5.28,5.295
2015-10-16,5.295,5.3801,5.29,5.38
2015-10-19,5.38,5.5,5.3676,5.5
2015-10-20,5.51,5.51,5.49,5.5
2015-10-21,5.5,5.52,5.5,5.52
2015-10-22,5.52,5.53,5.5,5.53
2015-10-23,5.53,5.54,5.51,5.535
2015-10-26,5.535,5.555,5.535,5.55
2015-10-27,5.55,5.5801,5.5498,5.58
2015-10-28,5.58,5.585,5.5699,5.58
2015-10-29,5.58,5.6,5.5799,5.58
2015-10-30,5.58,5.6,5.5799,5.58
2015-11-03,5.73,5.7341,5.7176,5.73
2015-11-04,5.73,5.81,5.7292,5.81
2015-11-05,5.81,5.85,5.81,5.85
2015-11-06,5.85,5.86,5.8299,5.86
2015-11-09,5.81,5.84,5.7976,5.82
2015-11-10,5.82,5.82,5.79,5.805
2015-11-11,5.805,5.82,5.8,5.82
2015-11-12,5.82,5.9102,5.8099,5.91
2015-11-13,5.91,5.9101,5.9099,5.91
2015-11-17,5.91,5.92,5.909,5.91
2015-11-18,5.91,5.9801,5.9097,5.98
2015-11-19,5.98,6.05,5.9799,6.05
2015-11-20,6.05,6.06,6.05,6.06
2015-11-23,6.11,6.1109,6.1059,6.11
2015-11-24,6.11,6.11,6.0898,6.09
2015-11-25,6.12,6.1202,6.12,6.12
2015-11-26,6.13,6.13,6.12,6.13
2015-11-27,6.13,6.1901,6.13,6.185
2015-11-30,5.97,5.975,5.9399,5.94
2015-12-01,5.94,5.9501,5.92,5.92
2015-12-02,5.92,5.98,5.92,5.98
2015-12-03,5.98,6.1,5.98,6.1
2015-12-04,6.09,6.1,6.09,6.1
2015-12-07,6.09,6.2102,6.09,6.21
2015-12-08,6.21,6.21,6.2098,6.21
2015-12-09,6.2,6.2201,6.19,6.2
2015-12-10,6.2,6.2401,6.2,6.24
2015-12-11,6.24,6.3301,6.2399,6.33
2015-12-14,6.37,6.37,6.37,6.37
2015-12-15,6.37,6.3708,6.35,6.35
2015-12-16,6.361,6.365,6.3599,6.365
2015-12-17,6.33,6.3301,6.33,6.33
2015-12-18,6.31,6.31,6.31,6.31
2015-12-21,6.245,6.28,6.2376,6.24
2015-12-22,6.21,6.215,6.21,6.21
2015-12-23,6.21,6.21,6.21,6.21
2015-12-24,6.21,6.2104,6.205,6.21
2015-12-28,6.22,6.2313,6.22,6.22
2015-12-29,6.22,6.23,6.22,6.23
2015-12-30,6.23,6.2551,6.2297,6.25
2016-01-04,6.33,6.3406,6.33,6.33
2016-01-05,6.33,6.3902,6.3296,6.39
2016-01-06,6.39,6.3902,6.385,6.39
2016-01-07,6.39,6.4202,6.39,6.42
2016-01-08,6.42,6.4201,6.39,6.39
2016-01-12,6.39,6.4102,6.385,6.4
2016-01-13,6.4,6.4,6.3599,6.36
2016-01-14,6.36,6.365,6.32,6.33
2016-01-15,6.33,6.38,6.33,6.38
2016-01-18,6.41,6.4204,6.38,6.4
2016-01-19,6.4,6.4004,6.38,6.395
2016-01-20,6.395,6.445,6.3898,6.445
2016-01-21,6.445,6.45,6.395,6.4
2016-01-22,6.4,6.4,6.36,6.36
2016-01-25,6.4,6.4509,6.3999,6.45
2016-01-26,6.45,6.4702,6.4398,6.47
2016-01-27,6.47,6.4702,6.4498,6.46
2016-01-28,6.46,6.47,6.4099,6.41
2016-01-29,6.41,6.41,6.3399,6.34
2016-02-01,6.34,6.3706,6.3383,6.36
2016-02-02,6.36,6.3701,6.3596,6.37
2016-02-03,6.37,6.39,6.37,6.39
2016-02-04,6.39,6.425,6.39,6.425
2016-02-05,6.425,6.47,6.425,6.47
2016-02-08,6.6,6.625,6.5973,6.625
2016-02-09,6.625,6.7101,6.625,6.69
2016-02-10,6.69,6.79,6.69,6.78
2016-02-11,6.78,6.8601,6.78,6.85
2016-02-12,6.85,6.8503,6.74,6.74
2016-02-15,6.741,6.7412,6.7338,6.74
2016-02-16,6.74,6.7404,6.72,6.73
2016-02-17,6.73,6.76,6.7298,6.76
2016-02-18,6.76,6.79,6.7499,6.785
2016-02-19,6.785,6.8201,6.77,6.815
2016-02-22,6.7,6.7002,6.6898,6.7
2016-02-23,6.7,6.7301,6.6997,6.71
2016-02-24,6.71,6.7401,6.69,6.7
2016-02-25,6.7,6.7,6.66,6.66
2016-02-26,6.66,6.69,6.6499,6.675
2016-02-29,6.68,6.68,6.6669,6.67
2016-03-01,6.67,6.6802,6.64,6.64
2016-03-02,6.64,6.6401,6.5598,6.56
2016-03-03,6.56,6.5901,6.52,6.52
2016-03-04,6.52,6.52,6.485,6.485
2016-03-07,6.43,6.45,6.4176,6.42
2016-03-08,6.42,6.44,6.4196,6.44
2016-03-09,6.44,6.4401,6.3699,6.37
2016-03-10,6.37,6.38,6.36,6.37
2016-03-11,6.37,6.38,6.3699,6.375
2016-03-14,6.42,6.426,6.42,6.42
2016-03-15,6.42,6.5,6.4199,6.49
2016-03-16,6.49,6.5,6.46,6.48
2016-03-17,6.48,6.48,6.38,6.395
2016-03-18,6.395,6.41,6.3799,6.405
2016-03-22,6.525,6.5412,6.5151,6.52
2016-03-23,6.52,6.54,6.52,6.54
2016-03-24,6.54,6.54,6.53,6.53
2016-03-28,6.55,6.5501,6.535,6.535
2016-03-29,6.535,6.5601,6.535,6.56
2016-03-30,6.56,6.5602,6.5499,6.55
2016-03-31,6.55,6.55,6.52,6.52
2016-04-01,6.52,6.56,6.5199,6.53
2016-04-04,6.53,6.5801,6.5298,6.58
2016-04-05,6.58,6.6001,6.57,6.6
2016-04-06,6.6,6.73,6.5998,6.73
2016-04-07,6.73,6.84,6.725,6.84
2016-04-08,6.84,6.89,6.8299,6.885
2016-04-11,6.885,6.9003,6.87,6.9
2016-04-12,6.9,6.9101,6.895,6.91
2016-04-13,6.91,6.93,6.9098,6.93
2016-04-14,6.93,6.94,6.915,6.915
2016-04-15,6.915,6.9301,6.915,6.925
2016-04-18,6.93,6.94,6.919,6.92
2016-04-19,6.92,6.921,6.8899,6.89
2016-04-20,6.89,6.91,6.8799,6.88
2016-04-21,6.88,6.89,6.87,6.87
2016-04-22,6.87,6.87,6.855,6.855
2016-04-25,6.855,6.8653,6.849,6.855
2016-04-26,6.855,6.87,6.855,6.86
2016-04-27,6.86,6.8701,6.855,6.86
2016-04-28,6.86,6.8601,6.8299,6.84
2016-04-29,6.84,6.88,6.84,6.88
2016-05-02,6.88,7.0202,6.88,7.02
2016-05-03,7.02,7.08,7.0198,7.08
2016-05-04,7.08,7.12,7.0799,7.12
2016-05-05,7.12,7.1401,7.12,7.14
2016-05-06,7.14,7.14,7.04,7.04
2016-05-10,7.05,7.05,7.014,7.015
2016-05-11,7.015,7.02,7.0,7.0
2016-05-12,7.0,7.0101,6.99,7.01
2016-05-13,7.01,7.055,6.9999,7.055
2016-05-16,7.13,7.1306,7.1259,7.13
2016-05-17,7.13,7.135,7.1249,7.125
2016-05-18,7.125,7.15,7.1249,7.14
2016-05-19,7.14,7.1601,7.14,7.16
2016-05-20,7.16,7.1601,7.15,7.15
2016-05-23,7.18,7.1953,7.18,7.195
2016-05-24,7.195,7.2002,7.17,7.18
2016-05-25,7.18,7.1802,7.16,7.16
2016-05-26,7.16,7.18,7.1599,7.17
2016-05-27,7.17,7.17,7.16,7.16
2016-05-31,7.14,7.1419,7.1234,7.13
2016-06-01,7.13,7.1307,7.12,7.12
2016-06-02,7.12,7.121,7.08,7.12
2016-06-03,7.12,7.12,7.06,7.06
2016-06-07,7.07,7.1453,7.07,7.145
2016-06-08,7.145,7.1502,7.1449,7.15
2016-06-09,7.15,7.1851,7.1499,7.18
2016-06-10,7.18,7.21,7.18,7.2
2016-06-13,7.21,7.2208,7.21,7.22
2016-06-14,7.22,7.27,7.2192,7.24
2016-06-15,7.24,7.2402,7.22,7.225
2016-06-16,7.225,7.2401,7.22,7.23
2016-06-17,7.23,7.25,7.2199,7.245
2016-06-20,7.25,7.2517,7.246,7.25
2016-06-21,7.25,7.2851,7.248,7.285
2016-06-22,7.285,7.3101,7.28,7.3
2016-06-23,7.3,7.3501,7.29,7.31
2016-06-24,7.31,7.32,7.27,7.27
2016-06-27,7.26,7.2601,7.238,7.24
2016-06-28,7.24,7.2501,7.15,7.16
2016-06-29,7.16,7.16,7.0,7.0
2016-06-30,7.0,7.0,6.995,6.995
2016-07-01,6.995,7.03,6.995,7.03
2016-07-05,7.04,7.0908,7.04,7.08
2016-07-06,7.08,7.17,7.08,7.17
2016-07-07,7.17,7.23,7.1695,7.23
2016-07-08,7.23,7.255,7.2296,7.255
2016-07-11,7.26,7.2706,7.2599,7.27
2016-07-12,7.27,7.3101,7.2696,7.31
2016-07-13,7.31,7.35,7.3098,7.35
2016-07-14,7.35,7.3801,7.3499,7.38
2016-07-15,7.38,7.4,7.3799,7.395
2016-07-18,7.391,7.4002,7.3676,7.37
2016-07-19,7.37,7.3703,7.34,7.34
2016-07-20,7.34,7.3401,7.34,7.34
2016-07-21,7.32,7.32,7.265,7.265
2016-07-22,7.265,7.29,7.26,7.29
2016-07-25,7.29,7.335,7.29,7.335
2016-07-26,7.335,7.35,7.32,7.32
2016-07-27,7.32,7.32,7.31,7.31
2016-07-28,7.31,7.3301,7.3099,7.33
2016-07-29,7.33,7.34,7.2999,7.3
2016-08-01,7.31,7.38,7.3067,7.38
2016-08-02,7.37,7.385,7.3648,7.37
2016-08-03,7.37,7.37,7.3299,7.33
2016-08-04,7.33,7.3351,7.31,7.31
2016-08-05,7.31,7.3802,7.31,7.38
2016-08-08,7.38,7.3841,7.3676,7.38
2016-08-09,7.38,7.396,7.3749,7.38
2016-08-10,7.38,7.38,7.36,7.36
2016-08-11,7.36,7.4001,7.3599,7.395
2016-08-12,7.395,7.405,7.37,7.37
2016-08-16,7.365,7.3725,7.3389,7.34
2016-08-17,7.34,7.341,7.34,7.34
2016-08-18,7.34,7.3402,7.31,7.31
2016-08-19,7.31,7.335,7.3099,7.33
2016-08-22,7.33,7.33,7.3176,7.32
2016-08-23,7.32,7.3401,7.3189,7.34
2016-08-24,7.34,7.3501,7.34,7.35
2016-08-25,7.35,7.3601,7.315,7.32
2016-08-26,7.32,7.335,7.32,7.335
2016-08-29,7.33,7.33,7.29,7.29
2016-08-30,7.29,7.3013,7.29,7.3
2016-08-31,7.3,7.32,7.2998,7.32
2016-09-01,7.32,7.3201,7.24,7.24
2016-09-02,7.24,7.2401,7.225,7.23
2016-09-06,7.14,7.14,6.98,6.98
2016-09-07,6.98,6.9805,6.9399,6.975
2016-09-08,6.975,6.976,6.9698,6.97
2016-09-09,6.97,7.05,6.9699,7.05
2016-09-12,7.06,7.08,7.06,7.08
2016-09-13,7.08,7.1151,7.075,7.115
2016-09-14,7.12,7.12,7.115,7.115
2016-09-15,7.1048,7.1048,7.09,7.09
2016-09-16,7.09,7.095,7.015,7.02
2016-09-19,7.02,7.0233,6.9686,6.97
2016-09-20,6.97,6.9701,6.955,6.955
2016-09-21,6.955,6.96,6.8799,6.88
2016-09-22,6.88,6.88,6.86,6.87
2016-09-23,6.87,6.871,6.8699,6.87
2016-09-26,6.89,6.9055,6.8876,6.905
2016-09-27,6.905,6.9102,6.9,6.91
2016-09-28,6.91,6.93,6.9098,6.925
2016-09-29,6.925,6.9401,6.9249,6.93
2016-09-30,6.93,6.95,6.9299,6.95
2016-10-03,6.945,7.0113,6.945,6.995
2016-10-04,6.995,7.0002,6.99,7.0
2016-10-05,7.0,7.0201,6.9699,6.97
2016-10-06,6.97,6.9701,6.8899,6.89
2016-10-07,6.89,6.8951,6.88,6.895
2016-10-10,6.85,6.8611,6.8376,6.86
2016-10-11,6.86,6.8954,6.835,6.835
2016-10-12,6.835,6.8501,6.83,6.84
2016-10-13,6.84,6.84,6.825,6.825
2016-10-14,6.825,6.825,6.825,6.825
2016-10-18,6.82,6.8215,6.8038,6.815
2016-10-19,6.815,6.8302,6.79,6.8
2016-10-20,6.8,6.816,6.8,6.8
2016-10-21,6.8,6.8501,6.8,6.85
2016-10-24,6.855,6.9,6.855,6.88
2016-10-25,6.88,6.9251,6.8798,6.925
2016-10-26,6.925,6.94,6.92,6.94
2016-10-27,6.94,6.96,6.9399,6.96
2016-10-28,6.96,6.96,6.94,6.95
2016-10-31,6.95,6.9519,6.92,6.92
2016-11-01,6.92,6.97,6.92,6.97
2016-11-02,6.97,6.97,6.8697,6.87
2016-11-03,6.87,6.8703,6.83,6.835
2016-11-04,6.835,6.85,6.805,6.805
2016-11-08,6.7,6.7611,6.6525,6.665
2016-11-09,6.665,6.69,6.66,6.67
2016-11-10,6.67,6.75,6.6699,6.72
2016-11-11,6.725,6.83,6.67,6.81
2016-11-15,6.83,6.87,6.7206,6.86
2016-11-16,6.865,6.88,6.85,6.86
2016-11-17,6.855,6.9,6.85,6.9
2016-11-18,6.9,6.95,6.9,6.95
2016-11-21,6.94,6.95,6.89,6.915
2016-11-22,6.9,6.9,6.875,6.875
2016-11-23,6.9,6.9,6.9,6.9
2016-11-25,6.825,6.825,6.79,6.79
2016-11-28,6.7,6.7001,6.695,6.7
2016-11-29,6.68,6.6806,6.675,6.675
2016-11-30,6.67,6.67,6.6672,6.67
2016-12-01,6.7,6.7101,6.7,6.71
2016-12-02,6.71,6.7101,6.7,6.7
2016-12-05,6.705,6.715,6.6979,6.715
2016-12-06,6.715,6.7204,6.69,6.69
2016-12-07,6.69,6.69,6.655,6.69
2016-12-09,6.65,6.67,6.65,6.66
2016-12-12,6.67,6.6702,6.6596,6.665
2016-12-13,6.66,6.6601,6.64,6.645
2016-12-14,6.65,6.651,6.65,6.65
2016-12-15,6.65,6.68,6.65,6.68
2016-12-16,6.68,6.68,6.68,6.68
2016-12-19,6.285,6.3008,6.175,6.18
2016-12-20,6.18,6.36,6.135,6.17
2016-12-21,6.16,6.1603,6.13,6.13
2016-12-22,6.13,6.16,6.13,6.15
2016-12-27,6.16,6.1617,6.1498,6.16
2016-12-28,6.16,6.1601,6.15,6.155
2016-12-29,6.155,6.1701,6.14,6.155
2016-12-30,6.155,6.1551,6.155,6.155
2017-01-03,6.165,6.172,6.16,6.16
2017-01-04,6.16,6.162,6.0996,6.1
2017-01-05,6.1,6.1,6.0447,6.05
2017-01-06,6.05,6.1,6.0199,6.02
2017-01-10,6.05,6.15,6.05,6.13
2017-01-11,6.13,6.14,6.12,6.14
2017-01-12,6.14,6.141,6.11,6.13
2017-01-13,6.13,6.165,6.13,6.15
2017-01-16,6.171,6.171,6.17,6.17
2017-01-17,6.17,6.2001,6.1689,6.2
2017-01-18,6.2,6.2251,6.2,6.22
2017-01-19,6.22,6.2501,6.22,6.25
2017-01-20,6.25,6.25,6.22,6.22
2017-01-23,6.205,6.22,6.1797,6.21
2017-01-24,6.195,6.1951,6.17,6.19
2017-01-25,6.18,6.186,6.175,6.18
2017-01-26,6.18,6.18,6.14,6.155
2017-01-27,6.155,6.3475,6.1225,6.14
2017-01-30,6.36,6.48,6.3517,6.465
2017-01-31,6.455,6.5001,6.445,6.445
2017-02-01,6.47,6.47,6.455,6.455
2017-02-02,6.4375,6.44,6.43,6.435
2017-02-03,6.435,6.46,6.435,6.46
2017-02-06,6.47,6.5401,6.4651,6.52
2017-02-07,6.52,6.52,6.475,6.475
2017-02-08,6.5,6.53,6.5,6.53
2017-02-09,6.53,6.555,6.5149,6.555
2017-02-10,6.58,6.62,6.58,6.61
2017-02-13,6.63,6.6402,6.6243,6.64
2017-02-14,6.635,6.6575,6.63,6.64
2017-02-15,6.64,6.675,6.615,6.62
2017-02-16,6.61,6.625,6.59,6.615
2017-02-17,6.62,6.65,6.61,6.62
2017-02-21,6.62,6.6241,6.505,6.505
2017-02-22,6.505,6.515,6.46,6.46
2017-02-23,6.45,6.4501,6.41,6.41
2017-02-24,6.42,6.46,6.34,6.44
2017-02-27,6.27,6.29,6.21,6.29
2017-02-28,6.295,6.33,6.295,6.32
2017-03-01,6.32,6.34,6.29,6.295
2017-03-02,6.305,6.3151,6.285,6.285
2017-03-03,6.285,6.29,6.215,6.22
2017-03-06,6.19,6.2,6.18,6.195
2017-03-07,6.185,6.185,6.15,6.15
2017-03-08,6.15,6.205,6.15,6.17
2017-03-09,6.17,6.17,6.14,6.14
2017-03-10,6.14,6.14,6.11,6.11
2017-03-13,6.11,6.1117,6.0949,6.095
2017-03-14,6.095,6.11,6.08,6.105
2017-03-15,6.105,6.105,5.975,5.975
2017-03-16,5.975,5.975,5.915,5.925
2017-03-17,5.92,5.92,5.9,5.9
2017-03-21,5.9,5.9281,5.8699,5.87
2017-03-22,5.87,5.875,5.8199,5.83
2017-03-23,5.82,5.82,5.78,5.8
2017-03-24,5.7975,5.855,5.79,5.81
2017-03-27,5.81,5.8903,5.8026,5.855
2017-03-28,5.85,5.85,5.79,5.805
2017-03-29,5.805,5.805,5.7625,5.78
2017-03-30,5.78,5.815,5.78,5.805
2017-03-31,5.805,5.82,5.7899,5.795
2017-04-03,5.79,5.7917,5.7783,5.785
2017-04-04,5.785,5.7902,5.7699,5.77
2017-04-05,5.77,5.7701,5.72,5.72
2017-04-06,5.72,5.765,5.7199,5.765
2017-04-07,5.76,5.765,5.76,5.765
2017-04-10,5.76,5.7608,5.735,5.735
2017-04-11,5.74,5.7402,5.735,5.735
2017-04-12,5.735,5.7401,5.735,5.735
2017-04-13,5.735,5.74,5.735,5.74
2017-04-17,5.74,5.74,5.715,5.715
2017-04-18,5.715,5.7154,5.545,5.55
2017-04-19,5.55,5.55,5.525,5.545
2017-04-20,5.54,5.57,5.51,5.515
2017-04-21,5.515,5.53,5.47,5.48
2017-04-24,5.47,5.5,5.4497,5.49
2017-04-25,5.49,5.5001,5.48,5.485
2017-04-26,5.485,5.545,5.47,5.535
2017-04-27,5.535,5.545,5.485,5.485
2017-04-28,5.485,5.49,5.47,5.48
2017-05-02,5.35,5.35,5.29,5.29
2017-05-03,5.29,5.32,5.2895,5.315
2017-05-04,5.315,5.3201,5.29,5.29
2017-05-05,5.29,5.29,5.2499,5.27
2017-05-08,5.29,5.3021,5.265,5.265
2017-05-09,5.27,5.28,5.2699,5.28
2017-05-10,5.28,5.3,5.27,5.29
2017-05-11,5.29,5.3,5.27,5.3
2017-05-12,5.3,5.35,5.29,5.32
2017-05-15,5.31,5.3451,5.29,5.34
2017-05-16,5.345,5.3602,5.325,5.325
2017-05-17,5.33,5.33,5.3099,5.31
2017-05-18,5.31,5.32,5.2999,5.3
2017-05-19,5.3,5.3,5.265,5.265
2017-05-22,5.265,5.2651,5.215,5.215
2017-05-23,5.205,5.2151,5.185,5.185
2017-05-24,5.185,5.2201,5.18,5.22
2017-05-25,5.22,5.2201,5.2,5.205
2017-05-26,5.205,5.2451,5.2,5.245
2017-05-30,5.235,5.2708,5.2196,5.225
2017-05-31,5.225,5.225,5.195,5.2
2017-06-01,5.2,5.21,5.195,5.2
2017-06-02,5.2,5.201,5.17,5.17
2017-06-05,5.155,5.171,5.1548,5.155
2017-06-06,5.1,5.1,5.0799,5.08
2017-06-07,5.08,5.125,5.08,5.1
2017-06-08,5.1,5.135,5.0999,5.125
2017-06-09,5.135,5.135,5.12,5.128
2017-06-12,5.12,5.12,5.0896,5.09
2017-06-13,5.1,5.12,5.092,5.1
2017-06-14,5.08,5.09,5.08,5.09
2017-06-15,5.09,5.1001,5.055,5.07
2017-06-16,5.07,5.12,5.07,5.1
2017-06-20,5.145,5.1456,5.1425,5.1425
2017-06-22,5.1,5.1003,5.07,5.07
2017-06-23,5.07,5.071,5.0699,5.07
2017-06-27,5.065,5.0655,5.035,5.055
2017-06-28,5.05,5.055,5.035,5.0425
2017-06-29,5.0425,5.05,4.985,4.985
2017-06-30,4.98,4.9925,4.96,4.99
2017-07-04,4.96,4.9601,4.9099,4.95
2017-07-05,4.95,4.95,4.8749,4.925
2017-07-06,4.925,5.0,4.8749,5.0
2017-07-07,4.99,5.03,4.99,5.03
2017-07-10,5.03,5.0341,4.9898,5.025
2017-07-11,5.015,5.03,5.0099,5.025
2017-07-12,5.025,5.03,4.9949,5.025
2017-07-13,5.025,5.0401,5.0,5.03
2017-07-14,5.03,5.03,4.965,4.975
2017-07-17,4.955,5.0236,4.9331,5.005
2017-07-18,4.995,5.0514,4.995,5.045
2017-07-19,5.045,5.07,5.0373,5.06
2017-07-20,5.06,5.06,5.0582,5.06
2017-07-21,5.065,5.07,5.045,5.07
2017-07-24,5.075,5.0938,5.0355,5.065
2017-07-25,5.065,5.0803,5.0429,5.07
2017-07-26,5.055,5.095,5.0543,5.085
2017-07-27,5.085,5.11,5.085,5.11
2017-07-28,5.11,5.125,5.0998,5.1
2017-07-31,5.11,5.1104,5.09,5.09
2017-08-01,5.095,5.12,5.07,5.105
2017-08-02,5.106,5.106,5.1,5.1
2017-08-03,5.095,5.1,5.0775,5.0775
2017-08-04,5.07,5.07,5.04,5.04
2017-08-08,5.01,5.01,4.9699,4.995
2017-08-09,4.995,5.01,4.975,4.98
2017-08-10,4.98,4.98,4.96,4.98
2017-08-11,4.98,4.99,4.96,4.965
2017-08-14,4.968,4.968,4.9399,4.955
2017-08-15,4.955,4.965,4.94,4.94
2017-08-16,4.94,4.95,4.94,4.945
2017-08-17,4.945,4.945,4.915,4.915
2017-08-18,4.93,4.93,4.925,4.93
2017-08-22,4.925,4.9601,4.9244,4.95
2017-08-23,4.95,4.9501,4.93,4.93
2017-08-24,4.93,4.945,4.92,4.935
2017-08-25,4.935,4.9451,4.9325,4.945
2017-08-28,4.946,4.946,4.935,4.935
2017-08-29,4.935,4.935,4.929,4.93
2017-08-30,4.945,4.945,4.9348,4.935
2017-08-31,4.935,4.95,4.9199,4.92
2017-09-01,4.92,4.92,4.8324,4.87
2017-09-04,4.871,4.871,4.8705,4.8705
2017-09-05,4.87,4.87,4.86,4.86
2017-09-06,4.86,4.8704,4.855,4.855
2017-09-07,4.855,4.87,4.8525,4.8525
2017-09-08,4.8525,4.86,4.85,4.85
2017-09-11,4.85,4.8515,4.835,4.835
2017-09-12,4.835,4.8402,4.83,4.835
2017-09-13,4.84,4.84,4.83,4.83
2017-09-14,4.83,4.86,4.83,4.84
2017-09-15,4.825,4.825,4.8199,4.82
2017-09-18,4.83,4.83,4.8199,4.82
2017-09-19,4.82,4.8203,4.815,4.82
2017-09-20,4.82,4.8201,4.8,4.8
2017-09-21,4.8,4.81,4.8,4.81
2017-09-22,4.81,4.815,4.7975,4.8
2017-09-25,4.805,4.8202,4.805,4.805
2017-09-26,4.805,4.81,4.803,4.805
2017-09-27,4.805,4.81,4.79,4.79
2017-09-28,4.785,4.8,4.785,4.8
2017-09-29,4.79,4.8,4.79,4.79
2017-10-02,4.79,4.83,4.79,4.82
2017-10-03,4.82,4.83,4.81,4.81
2017-10-04,4.81,4.81,4.79,4.81
2017-10-05,4.81,4.81,4.805,4.81
2017-10-06,4.81,4.81,4.79,4.79
2017-10-10,4.79,4.7904,4.75,4.77
2017-10-11,4.77,4.77,4.75,4.76
2017-10-12,4.76,4.77,4.755,4.76
2017-10-13,4.76,4.76,4.72,4.72
2017-10-17,4.756,4.756,4.7036,4.71
2017-10-18,4.71,4.71,4.705,4.705
2017-10-19,4.705,4.72,4.7,4.715
2017-10-20,4.715,4.72,4.712,4.72
2017-10-24,4.71,4.7301,4.705,4.725
2017-10-25,4.725,4.725,4.725,4.725
2017-10-26,4.73,4.74,4.725,4.74
2017-10-30,4.595,4.596,4.59,4.59
2017-10-31,4.591,4.591,4.59,4.59
2017-11-01,4.59,4.595,4.59,4.595
2017-11-02,4.595,4.595,4.5825,4.5825
2017-11-03,4.53,4.53,4.5299,4.53
2017-11-07,4.49,4.4949,4.484,4.4875
2017-11-08,4.4875,4.49,4.48,4.48
2017-11-09,4.48,4.48,4.4599,4.46
2017-11-10,4.46,4.461,4.45,4.45
2017-11-14,4.435,4.4399,4.4299,4.43
2017-11-15,4.43,4.43,4.42,4.42
2017-11-16,4.42,4.42,4.42,4.42
2017-11-17,4.42,4.42,4.395,4.395
2017-11-21,4.39,4.3949,4.33,4.34
2017-11-22,4.34,4.341,4.32,4.32
2017-11-23,4.32,4.32,4.32,4.32
2017-11-24,4.32,4.32,4.31,4.31
2017-12-01,4.1725,4.1901,4.1696,4.18
2017-12-04,4.185,4.185,4.1749,4.18
2017-12-05,4.18,4.18,4.18,4.18
2017-12-06,4.185,4.185,4.185,4.185
2017-12-07,4.185,4.185,4.1848,4.185
2017-12-08,4.185,4.185,4.185,4.185
2017-12-11,4.186,4.186,4.1827,4.185
2017-12-12,4.185,4.24,4.1849,4.24
2017-12-13,4.24,4.24,4.185,4.22
2017-12-14,4.22,4.2375,4.195,4.2
2017-12-15,4.195,4.195,4.19,4.19
2017-12-18,4.17,4.1731,4.1691,4.17
2017-12-19,4.17,4.1801,4.17,4.18
2017-12-20,4.205,4.2051,4.2,4.2
2017-12-21,4.2,4.215,4.2,4.215
2017-12-22,4.215,4.225,4.215,4.225
2017-12-27,4.2225,4.2225,4.2225,4.2225
2017-12-28,4.2175,4.22,4.2175,4.22
2017-12-29,4.22,4.22,4.22,4.22
2018-01-02,4.215,4.22,4.2,4.21
2018-01-03,4.21,4.22,4.17,4.18
2018-01-04,4.18,4.18,4.16,4.16
2018-01-05,4.16,4.16,4.16,4.16
2018-01-09,4.17,4.17,4.17,4.17
2018-01-11,4.22,4.2201,4.19,4.2
2018-01-12,4.2,4.25,4.1999,4.245
2018-01-15,4.245,4.2451,4.245,4.245
2018-01-16,4.245,4.29,4.245,4.28
2018-01-17,4.28,4.3,4.2749,4.29
2018-01-18,4.29,4.29,4.26,4.26
2018-01-19,4.285,4.32,4.285,4.31
2018-01-22,4.31,4.315,4.305,4.31
2018-01-23,4.31,4.3101,4.305,4.31
2018-01-24,4.31,4.31,4.3,4.3
2018-01-25,4.3,4.3103,4.29,4.31
2018-01-26,4.31,4.3275,4.2875,4.31
2018-01-29,4.29,4.33,4.265,4.285
2018-01-30,4.285,4.38,4.285,4.36
2018-01-31,4.33,4.37,4.33,4.36
2018-02-01,4.36,4.36,4.3375,4.36
2018-02-02,4.355,4.39,4.355,4.38
2018-02-05,4.38,4.4101,4.35,4.41
2018-02-06,4.41,4.41,4.365,4.39
2018-02-07,4.385,4.4001,4.38,4.39
2018-02-08,4.39,4.42,4.375,4.42
2018-02-09,4.415,4.43,4.3875,4.42
2018-02-12,4.42,4.422,4.35,4.39
2018-02-13,4.39,4.4,4.39,4.39
2018-02-14,4.39,4.4,4.37,4.38
2018-02-15,4.38,4.38,4.3599,4.36
2018-02-16,4.36,4.37,4.35,4.355
2018-02-19,4.355,4.3576,4.3049,4.305
2018-02-20,4.355,4.36,4.34,4.34
2018-02-21,4.34,4.345,4.315,4.335
2018-02-22,4.335,4.34,4.3175,4.34
2018-02-23,4.34,4.35,4.3299,4.345
2018-02-26,4.335,4.3458,4.3226,4.345
2018-02-27,4.345,4.375,4.345,4.375
2018-02-28,4.375,4.3825,4.37,4.38
2018-03-01,4.38,4.4,4.365,4.395
2018-03-02,4.395,4.4,4.3575,4.375
2018-03-05,4.375,4.3758,4.3349,4.335
2018-03-06,4.335,4.34,4.28,4.3
2018-03-07,4.3,4.3,4.28,4.285
2018-03-08,4.285,4.29,4.2375,4.245
2018-03-09,4.25,4.25,4.235,4.245
2018-03-12,4.25,4.2525,4.1925,4.23
2018-03-13,4.225,4.24,4.22,4.22
2018-03-14,4.22,4.265,4.22,4.24
2018-03-15,4.24,4.2401,4.18,4.18
2018-03-16,4.19,4.2,4.1825,4.19
2018-03-19,4.19,4.19,4.19,4.19
2018-03-20,4.19,4.205,4.185,4.2
2018-03-21,4.2,4.255,4.1999,4.245
2018-03-22,4.245,4.25,4.2349,4.25
2018-03-23,4.25,4.25,4.23,4.23
2018-03-26,4.23,4.24,4.2075,4.215
2018-03-27,4.215,4.22,4.205,4.21
2018-03-28,4.21,4.2125,4.205,4.21
2018-03-29,4.21,4.21,4.21,4.21
2018-04-02,4.21,4.235,4.2042,4.235
2018-04-03,4.235,4.235,4.21,4.22
2018-04-04,4.22,4.23,4.21,4.215
2018-04-05,4.215,4.22,4.195,4.21
2018-04-06,4.21,4.21,4.1399,4.14
2018-04-09,4.14,4.1401,4.1367,4.14
2018-04-10,4.14,4.1401,4.1125,4.115
2018-04-11,4.115,4.12,4.1,4.11
2018-04-12,4.11,4.11,4.08,4.08
2018-04-13,4.08,4.08,4.05,4.05
2018-04-16,4.05,4.05,4.0398,4.04
2018-04-17,4.04,4.05,4.0399,4.045
2018-04-18,4.045,4.05,4.03,4.04
2018-04-19,4.04,4.04,4.02,4.03
2018-04-20,4.03,4.03,4.005,4.005
2018-04-23,4.025,4.03,4.0199,4.02
2018-04-24,4.02,4.04,4.01,4.035
2018-04-25,4.035,4.06,4.035,4.06
2018-04-26,4.06,4.06,4.05,4.05
2018-04-27,4.05,4.06,4.04,4.06
2018-04-30,4.09,4.09,4.06,4.07
2018-05-01,4.07,4.0701,4.0699,4.07
2018-05-02,4.07,4.11,4.07,4.11
2018-05-03,4.11,4.13,4.0975,4.13
2018-05-04,4.13,4.1326,4.11,4.11
2018-05-07,4.16,4.17,4.15,4.16
2018-05-08,4.16,4.22,4.15,4.2
2018-05-09,4.2,4.21,4.195,4.2
2018-05-10,4.2,4.2,4.15,4.17
2018-05-11,4.17,4.17,4.16,4.17
2018-05-14,4.17,4.1705,4.1667,4.17
2018-05-15,4.17,4.18,4.1698,4.17
2018-05-16,4.17,4.1775,4.17,4.175
2018-05-17,4.175,4.205,4.15,4.205
2018-05-18,4.205,4.26,4.205,4.26
2018-05-21,4.26,4.265,4.2498,4.265
2018-05-22,4.265,4.27,4.23,4.26
2018-05-23,4.26,4.265,4.235,4.25
2018-05-24,4.245,4.2551,4.215,4.24
2018-05-25,4.24,4.26,4.235,4.255
2018-05-28,4.255,4.2562,4.2488,4.255
2018-05-29,4.255,4.27,4.245,4.27
2018-05-30,4.27,4.27,4.26,4.26
2018-05-31,4.26,4.27,4.2549,4.265
2018-06-01,4.265,4.2775,4.26,4.27
2018-06-05,4.27,4.2701,4.2498,4.25
2018-06-06,4.25,4.275,4.2499,4.26
2018-06-07,4.26,4.29,4.26,4.285
2018-06-08,4.285,4.34,4.285,4.335
2018-06-11,4.335,4.3351,4.3317,4.335
2018-06-12,4.335,4.3675,4.3348,4.365
2018-06-13,4.365,4.39,4.365,4.375
2018-06-14,4.375,4.42,4.365,4.42
2018-06-15,4.42,4.44,4.3925,4.43
2018-06-18,4.43,4.455,4.4294,4.455
2018-06-19,4.455,4.46,4.4325,4.45
2018-06-20,4.45,4.45,4.425,4.44
2018-06-21,4.44,4.44,4.43,4.43
2018-06-22,4.43,4.4325,4.41,4.43
2018-06-25,4.43,4.46,4.4299,4.45
2018-06-26,4.45,4.465,4.45,4.465
2018-06-27,4.465,4.4775,4.46,4.4775
2018-06-28,4.48,4.48,4.475,4.48
2018-06-29,4.48,4.48,4.47,4.47
2018-07-03,4.47,4.47,4.465,4.47
2018-07-04,4.47,4.47,4.465,4.47
2018-07-05,4.47,4.48,4.46,4.475
2018-07-06,4.475,4.49,4.465,4.49
2018-07-09,4.485,4.4901,4.4798,4.485
2018-07-10,4.485,4.49,4.46,4.47
2018-07-11,4.47,4.475,4.4475,4.46
2018-07-12,4.46,4.46,4.43,4.45
2018-07-13,4.45,4.45,4.425,4.425
2018-07-16,4.425,4.4275,4.4198,4.42
2018-07-17,4.42,4.42,4.39,4.395
2018-07-18,4.395,4.4,4.38,4.38
2018-07-19,4.38,4.39,4.355,4.365
2018-07-20,4.365,4.37,4.3,4.3
2018-07-23,4.365,4.37,4.36,4.365
2018-07-24,4.365,4.37,4.35,4.365
2018-07-25,4.365,4.37,4.365,4.37
2018-07-26,4.37,4.37,4.355,4.36
2018-07-27,4.36,4.36,4.3425,4.35
2018-07-30,4.35,4.36,4.3449,4.36
2018-07-31,4.36,4.37,4.355,4.37
2018-08-01,4.37,4.39,4.35,4.38
2018-08-02,4.38,4.38,4.37,4.38
2018-08-03,4.38,4.3875,4.38,4.385
2018-08-06,4.385,4.385,4.3175,4.36
2018-08-07,4.36,4.36,4.36,4.36
2018-08-08,4.36,4.38,4.3425,4.37
2018-08-09,4.37,4.3825,4.37,4.38
2018-08-10,4.38,4.4,4.38,4.4
2018-08-13,4.395,4.43,4.3917,4.43
2018-08-14,4.43,4.43,4.42,4.42
2018-08-15,4.42,4.4525,4.42,4.44
2018-08-16,4.44,4.44,4.425,4.425
2018-08-17,4.425,4.4375,4.42,4.42
2018-08-20,4.42,4.42,4.42,4.42
2018-08-21,4.42,4.4325,4.4049,4.41
2018-08-22,4.41,4.41,4.395,4.41
2018-08-23,4.41,4.4225,4.4,4.415
2018-08-24,4.415,4.4325,4.41,4.425
2018-08-27,4.425,4.435,4.4,4.42
2018-08-28,4.42,4.44,4.41,4.435
2018-08-29,4.435,4.44,4.43,4.44
2018-08-30,4.44,4.465,4.44,4.455
2018-08-31,4.455,4.47,4.455,4.46
2018-09-04,4.46,4.475,4.4597,4.47
2018-09-05,4.47,4.5025,4.4699,4.5
2018-09-06,4.5,4.53,4.5,4.53
2018-09-07,4.53,4.54,4.53,4.54
2018-09-10,4.54,4.5501,4.5398,4.55
2018-09-11,4.55,4.5501,4.5348,4.54
2018-09-12,4.54,4.54,4.5,4.5
2018-09-13,4.5,4.5,4.48,4.48
2018-09-14,4.48,4.495,4.48,4.49
2018-09-17,4.49,4.4902,4.4867,4.49
2018-09-18,4.49,4.5001,4.4899,4.495
2018-09-19,4.495,4.51,4.49,4.51
2018-09-20,4.51,4.51,4.5,4.51
2018-09-21,4.51,4.51,4.485,4.49
2018-09-24,4.485,4.49,4.4724,4.49
2018-09-25,4.49,4.49,4.485,4.49
2018-09-26,4.49,4.4901,4.485,4.485
2018-09-27,4.485,4.49,4.47,4.48
2018-09-28,4.48,4.49,4.48,4.49
2018-10-01,4.51,4.5103,4.5049,4.505
2018-10-02,4.505,4.52,4.505,4.52
2018-10-03,4.52,4.52,4.51,4.52
2018-10-04,4.52,4.53,4.515,4.52
2018-10-05,4.52,4.525,4.515,4.525
2018-10-09,4.53,4.5325,4.51,4.52
2018-10-10,4.52,4.535,4.515,4.53
2018-10-11,4.53,4.55,4.525,4.53
2018-10-12,4.53,4.54,4.525,4.53
2018-10-15,4.53,4.53,4.53,4.53
2018-10-16,4.53,4.53,4.5099,4.52
2018-10-17,4.52,4.525,4.515,4.52
2018-10-18,4.52,4.53,4.51,4.52
2018-10-19,4.52,4.52,4.5075,4.51
2018-10-22,4.51,4.52,4.505,4.51
2018-10-23,4.51,4.53,4.51,4.53
2018-10-24,4.53,4.54,4.525,4.54
2018-10-25,4.54,4.54,4.535,4.54
2018-10-26,4.54,4.55,4.535,4.54
2018-10-29,4.54,4.55,4.5299,4.55
2018-10-30,4.55,4.57,4.545,4.57
2018-10-31,4.57,4.58,4.565,4.58
2018-11-01,4.58,4.61,4.57,4.61
2018-11-02,4.61,4.67,4.61,4.67
2018-11-05,4.68,4.6802,4.6786,4.68
2018-11-06,4.68,4.6801,4.66,4.66
2018-11-07,4.66,4.66,4.61,4.615
2018-11-08,4.615,4.625,4.61,4.625
2018-11-09,4.61,4.61,4.61,4.61
2018-11-13,4.62,4.6301,4.6194,4.62
2018-11-14,4.62,4.62,4.62,4.62
2018-11-15,4.62,4.62,4.595,4.6
2018-11-16,4.6,4.61,4.6,4.605
2018-11-19,4.61,4.625,4.6097,4.625
2018-11-20,4.625,4.63,4.62,4.625
2018-11-21,4.625,4.635,4.5999,4.6
2018-11-22,4.6,4.6,4.6,4.6
2018-11-23,4.57,4.57,4.565,4.565
2018-11-26,4.5675,4.58,4.5675,4.575
2018-11-27,4.575,4.59,4.5625,4.59
2018-11-28,4.59,4.5901,4.575,4.585
2018-11-29,4.585,4.585,4.55,4.555
2018-11-30,4.555,4.56,4.54,4.55
2018-12-03,4.54,4.56,4.5367,4.54
2018-12-04,4.54,4.545,4.53,4.54
2018-12-05,4.545,4.545,4.5125,4.53
2018-12-06,4.53,4.54,4.485,4.49
2018-12-07,4.49,4.49,4.46,4.46
2018-12-10,4.45,4.4725,4.4376,4.465
2018-12-11,4.465,4.465,4.45,4.46
2018-12-12,4.465,4.465,4.45,4.45
2018-12-13,4.45,4.45,4.43,4.43
2018-12-14,4.43,4.435,4.43,4.435
2018-12-18,4.3975,4.406,4.3975,4.405
2018-12-19,4.405,4.4055,4.39,4.39
2018-12-20,4.39,4.4103,4.3898,4.39
2018-12-21,4.39,4.395,4.38,4.385
2018-12-26,4.39,4.4,4.3875,4.4
2018-12-27,4.4,4.4001,4.3895,4.39
2018-12-28,4.39,4.4,4.39,4.39
2019-01-02,4.39,4.4001,4.39,4.395
2019-01-03,4.395,4.4,4.3941,4.4
2019-01-04,4.4,4.4,4.3999,4.4
2019-01-08,4.4,4.4124,4.3897,4.39
2019-01-09,4.39,4.39,4.3697,4.37
2019-01-10,4.37,4.37,4.3699,4.37
2019-01-11,4.37,4.3751,4.365,4.365
2019-01-14,4.36,4.3654,4.3569,4.365
2019-01-15,4.365,4.375,4.3597,4.375
2019-01-16,4.375,4.4,4.37,4.4
2019-01-17,4.4,4.42,4.3998,4.42
2019-01-18,4.42,4.45,4.42,4.45
2019-01-22,4.44,4.475,4.4381,4.475
2019-01-23,4.475,4.4751,4.47,4.475
2019-01-24,4.475,4.48,4.455,4.47
2019-01-25,4.47,4.48,4.46,4.46
2019-01-28,4.45,4.4675,4.4399,4.46
2019-01-29,4.46,4.46,4.4498,4.45
2019-01-30,4.45,4.45,4.44,4.44
2019-01-31,4.44,4.44,4.3875,4.42
2019-02-01,4.42,4.435,4.42,4.435
2019-02-04,4.42,4.43,4.42,4.43
2019-02-05,4.43,4.44,4.4297,4.435
2019-02-06,4.435,4.435,4.3849,4.385
2019-02-07,4.385,4.4,4.3849,4.4
2019-02-08,4.4,4.415,4.4,4.41
2019-02-11,4.415,4.43,4.4089,4.42
2019-02-12,4.42,4.43,4.39,4.405
2019-02-13,4.405,4.405,4.4,4.4
2019-02-14,4.4,4.415,4.38,4.4
2019-02-15,4.4,4.4,4.38,4.39
2019-02-19,4.38,4.3803,4.3675,4.375
2019-02-20,4.375,4.375,4.3599,4.365
2019-02-21,4.365,4.4,4.365,4.38
2019-02-22,4.38,4.4001,4.38,4.39
2019-02-25,4.395,4.396,4.391,4.395
2019-02-26,4.395,4.4,4.3942,4.4
2019-02-27,4.4,4.4006,4.3775,4.38
2019-02-28,4.38,4.3801,4.3799,4.38
2019-03-01,4.38,4.38,4.3775,4.38
2019-03-04,4.395,4.395,4.39,4.39
2019-03-05,4.39,4.3955,4.3699,4.385
2019-03-06,4.385,4.385,4.32,4.34
2019-03-07,4.34,4.345,4.3249,4.335
2019-03-08,4.335,4.3375,4.305,4.31
2019-03-11,4.3025,4.3208,4.2993,4.3
2019-03-12,4.3,4.3005,4.2849,4.285
2019-03-13,4.2899,4.295,4.2849,4.285
2019-03-14,4.285,4.285,4.2575,4.28
2019-03-15,4.28,4.295,4.28,4.285
2019-03-18,4.285,4.2856,4.2791,4.28
2019-03-19,4.28,4.2902,4.275,4.275
2019-03-20,4.275,4.2925,4.2749,4.29
2019-03-21,4.29,4.29,4.2875,4.2875
2019-03-22,4.285,4.285,4.28,4.28
2019-03-26,4.28,4.28,4.268,4.28
2019-03-27,4.28,4.3076,4.27,4.285
2019-03-28,4.285,4.29,4.28,4.29
2019-03-29,4.29,4.29,4.2849,4.285
2019-04-01,4.29,4.3,4.2885,4.3
2019-04-02,4.3,4.325,4.3,4.31
2019-04-03,4.31,4.32,4.305,4.305
2019-04-04,4.305,4.33,4.305,4.33
2019-04-05,4.33,4.34,4.315,4.325
2019-04-08,4.3,4.32,4.3,4.32
2019-04-09,4.32,4.3205,4.3049,4.315
2019-04-10,4.315,4.315,4.2975,4.3075
2019-04-11,4.3075,4.335,4.3074,4.335
2019-04-12,4.335,4.3475,4.335,4.345
2019-04-15,4.36,4.3613,4.3494,4.36
2019-04-16,4.36,4.3651,4.345,4.345
2019-04-17,4.345,4.355,4.345,4.35
2019-04-18,4.35,4.35,4.35,4.35
2019-04-22,4.35,4.3517,4.349,4.35
2019-04-23,4.35,4.36,4.345,4.36
2019-04-24,4.36,4.3751,4.355,4.375
2019-04-25,4.375,4.395,4.3575,4.375
2019-04-26,4.375,4.375,4.345,4.355
2019-04-29,4.345,4.38,4.3442,4.365
2019-04-30,4.365,4.365,4.35,4.355
2019-05-01,4.355,4.36,4.355,4.36
2019-05-02,4.38,4.395,4.375,4.375
2019-05-03,4.375,4.3819,4.3624,4.365
2019-05-06,4.395,4.3989,4.3798,4.38
2019-05-07,4.38,4.3875,4.38,4.385
2019-05-08,4.385,4.3901,4.365,4.375
2019-05-09,4.375,4.3751,4.3525,4.37
2019-05-10,4.37,4.3701,4.36,4.36
2019-05-13,4.36,4.385,4.3583,4.375
2019-05-14,4.375,4.375,4.355,4.3675
2019-05-15,4.3675,4.37,4.3675,4.37
2019-05-16,4.37,4.37,4.33,4.33
2019-05-17,4.33,4.3301,4.31,4.31
2019-05-20,4.305,4.3066,4.2992,4.305
2019-05-21,4.305,4.325,4.2999,4.3
2019-05-22,4.3,4.315,4.295,4.305
2019-05-23,4.305,4.32,4.305,4.32
2019-05-24,4.32,4.32,4.3099,4.31
2019-05-27,4.31,4.315,4.31,4.31
2019-05-28,4.31,4.3101,4.2798,4.295
2019-05-29,4.295,4.295,4.28,4.28
2019-05-30,4.28,4.28,4.26,4.265
2019-05-31,4.265,4.27,4.245,4.245
2019-06-03,4.245,4.2487,4.245,4.245
2019-06-04,4.245,4.245,4.22,4.235
2019-06-05,4.235,4.235,4.22,4.225
2019-06-06,4.225,4.2329,4.19,4.215
2019-06-07,4.215,4.2164,4.21,4.21
2019-06-10,4.21,4.2104,4.085,4.085
2019-06-11,4.085,4.12,4.015,4.02
2019-06-12,4.02,4.0525,4.015,4.025
2019-06-13,4.025,4.0525,4.01,4.025
2019-06-14,4.025,4.0525,4.025,4.05
2019-06-17,4.05,4.08,4.0493,4.08
2019-06-18,4.08,4.08,4.0549,4.055
2019-06-19,4.055,4.0751,4.03,4.04
2019-06-20,4.04,4.04,3.9699,3.985
2019-06-21,3.985,4.02,3.965,4.02
2019-06-24,4.05,4.05,4.05,4.05
2019-06-25,4.05,4.08,4.0399,4.06
2019-06-26,4.06,4.1451,4.05,4.09
2019-06-27,4.09,4.115,4.0656,4.115
2019-06-28,4.115,4.1151,4.0999,4.1
2019-07-02,4.1,4.1012,4.0698,4.07
2019-07-03,4.07,4.0702,4.03,4.045
2019-07-04,4.045,4.0452,4.04,4.045
2019-07-05,4.045,4.115,4.04,4.075
2019-07-08,4.075,4.085,4.0738,4.085
2019-07-09,4.085,4.0851,4.075,4.0825
2019-07-10,4.0825,4.085,4.0699,4.075
2019-07-11,4.075,4.1025,4.0749,4.095
2019-07-12,4.095,4.1,4.0725,4.095
2019-07-15,4.095,4.0956,4.0799,4.08
2019-07-16,4.08,4.125,4.08,4.1
2019-07-17,4.1,4.1075,4.075,4.075
2019-07-18,4.075,4.105,4.075,4.09
2019-07-19,4.09,4.09,4.05,4.055
2019-07-22,4.055,4.0567,4.035,4.05
2019-07-23,4.05,4.07,4.0497,4.05
2019-07-24,4.05,4.05,4.0349,4.035
2019-07-25,4.035,4.06,4.0349,4.05
2019-07-26,4.05,4.055,4.0273,4.04
2019-07-29,4.04,4.12,4.0399,4.095
2019-07-30,4.095,4.1125,4.09,4.11
2019-07-31,4.11,4.1103,4.09,4.095
2019-08-01,4.095,4.1425,4.095,4.115
2019-08-02,4.115,4.12,4.1,4.11
2019-08-05,4.13,4.1403,4.1298,4.13
2019-08-06,4.13,4.1551,4.1297,4.155
2019-08-07,4.155,4.155,4.12,4.155
2019-08-08,4.155,4.1575,4.12,4.12
2019-08-09,4.12,4.135,4.115,4.13
2019-08-12,4.13,4.1525,4.115,4.145
2019-08-13,4.145,4.15,4.135,4.14
2019-08-14,4.14,4.1401,4.11,4.12
2019-08-15,4.12,4.135,4.1,4.135
2019-08-16,4.135,4.155,4.1199,4.15
2019-08-19,4.15,4.15,4.15,4.15
2019-08-20,4.15,4.155,4.1497,4.15
2019-08-21,4.15,4.165,4.1425,4.165
2019-08-22,4.165,4.1751,4.155,4.175
2019-08-23,4.175,4.1925,4.1699,4.185
2019-08-26,4.185,4.1901,4.1696,4.18
2019-08-27,4.18,4.2,4.17,4.2
2019-08-28,4.2,4.21,4.19,4.205
2019-08-29,4.21,4.21,4.2075,4.2075
2019-08-30,4.2075,4.21,4.1825,4.205
2019-09-02,4.21,4.21,4.21,4.21
2019-09-03,4.21,4.215,4.1969,4.215
2019-09-04,4.215,4.215,4.1875,4.2
2019-09-05,4.2,4.2051,4.19,4.205
2019-09-06,4.205,4.21,4.1648,4.165
2019-09-09,4.15,4.17,4.1486,4.17
2019-09-10,4.17,4.18,4.1698,4.17
2019-09-11,4.17,4.18,4.17,4.17
2019-09-12,4.17,4.17,4.16,4.16
2019-09-13,4.16,4.1825,4.16,4.18
2019-09-16,4.18,4.1845,4.1648,4.165
2019-09-17,4.165,4.18,4.16,4.17
2019-09-18,4.17,4.17,4.155,4.165
2019-09-19,4.165,4.17,4.16,4.16
2019-09-20,4.16,4.1601,4.155,4.16
2019-09-23,4.16,4.1608,4.14,4.1575
2019-09-24,4.1575,4.17,4.1549,4.165
2019-09-25,4.165,4.18,4.16,4.18
2019-09-26,4.18,4.1802,4.16,4.175
2019-09-27,4.175,4.185,4.175,4.185
2019-09-30,4.18,4.195,4.1743,4.18
2019-10-01,4.18,4.2075,4.1799,4.2
2019-10-02,4.2,4.2001,4.19,4.19
2019-10-03,4.19,4.19,4.1599,4.17
2019-10-04,4.165,4.1651,4.155,4.16
2019-10-07,4.16,4.205,4.1476,4.2
2019-10-08,4.2,4.2302,4.1849,4.23
2019-10-09,4.23,4.25,4.2149,4.245
2019-10-10,4.245,4.27,4.2349,4.27
2019-10-11,4.27,4.32,4.26,4.285
2019-10-14,4.32,4.3368,4.3174,4.32
2019-10-15,4.32,4.3601,4.3198,4.3425
2019-10-16,4.35,4.3651,4.335,4.365
2019-10-17,4.365,4.3825,4.2999,4.305
2019-10-18,4.305,4.3176,4.28,4.28
2019-10-21,4.28,4.295,4.27,4.29
2019-10-22,4.29,4.3,4.26,4.285
2019-10-23,4.285,4.285,4.2675,4.28
2019-10-24,4.28,4.2901,4.25,4.275
2019-10-25,4.275,4.295,4.27,4.29
2019-10-28,4.285,4.295,4.285,4.295
2019-10-29,4.295,4.3002,4.2948,4.3
2019-10-30,4.3,4.35,4.3,4.35
2019-10-31,4.365,4.365,4.3299,4.34
2019-11-01,4.34,4.355,4.335,4.355
2019-11-04,4.36,4.36,4.36,4.36
2019-11-05,4.36,4.395,4.3599,4.395
2019-11-06,4.395,4.395,4.35,4.37
2019-11-07,4.37,4.43,4.37,4.405
2019-11-08,4.405,4.4075,4.39,4.395
2019-11-12,4.395,4.43,4.395,4.43
2019-11-13,4.43,4.495,4.4299,4.45
2019-11-14,4.45,4.45,4.4099,4.41
2019-11-15,4.41,4.41,4.3449,4.385
2019-11-18,4.385,4.4201,4.375,4.42
2019-11-19,4.42,4.435,4.4099,4.435
2019-11-20,4.435,4.435,4.385,4.41
2019-11-21,4.41,4.41,4.37,4.38
2019-11-22,4.38,4.38,4.36,4.365
2019-11-25,4.365,4.405,4.365,4.39
2019-11-26,4.39,4.435,4.3899,4.395
2019-11-27,4.395,4.395,4.35,4.375
2019-11-28,4.375,4.38,4.375,4.38
2019-11-29,4.375,4.385,4.3674,4.37
2019-12-02,4.37,4.385,4.3548,4.385
2019-12-03,4.385,4.385,4.345,4.37
2019-12-04,4.37,4.375,4.355,4.36
2019-12-05,4.36,4.365,4.3425,4.35
2019-12-06,4.35,4.36,4.3049,4.315
2019-12-09,4.33,4.3306,4.31,4.33
2019-12-10,4.33,4.3475,4.3199,4.33
2019-12-11,4.33,4.34,4.3099,4.31
2019-12-12,4.315,4.325,4.3025,4.32
2019-12-13,4.32,4.3351,4.32,4.335
2019-12-16,4.34,4.3625,4.337,4.355
2019-12-17,4.35,4.3651,4.35,4.3575
2019-12-18,4.355,4.36,4.33,4.36
2019-12-19,4.35,4.3601,4.345,4.35
2019-12-20,4.355,4.355,4.335,4.335
2019-12-23,4.35,4.35,4.35,4.35
2019-12-24,4.35,4.3502,4.35,4.35
2019-12-25,4.35,4.35,4.35,4.35
2019-12-26,4.35,4.35,4.35,4.35
2019-12-27,4.35,4.3501,4.35,4.35
2019-12-30,4.35,4.3502,4.34,4.34
2019-12-31,4.34,4.34,4.34,4.34
2020-01-02,4.34,4.3402,4.335,4.34
2020-01-03,4.34,4.35,4.335,4.35
2020-01-06,4.35,4.35,4.35,4.35
2020-01-07,4.35,4.35,4.35,4.35
2020-01-08,4.335,4.335,4.31,4.31
2020-01-09,4.31,4.3201,4.3075,4.315
2020-01-10,4.315,4.315,4.2875,4.295
2020-01-13,4.29,4.31,4.2848,4.305
2020-01-14,4.31,4.3102,4.295,4.3
2020-01-15,4.3,4.305,4.28,4.29
2020-01-16,4.28,4.3,4.25,4.2925
2020-01-17,4.29,4.295,4.2775,4.295
2020-01-20,4.29,4.2908,4.2898,4.29
2020-01-21,4.29,4.3077,4.285,4.2925
2020-01-22,4.2925,4.2977,4.28,4.29
2020-01-23,4.28,4.28,4.2575,4.2625
2020-01-24,4.27,4.27,4.2575,4.27
2020-01-27,4.27,4.29,4.265,4.275
2020-01-28,4.275,4.275,4.255,4.265
2020-01-29,4.26,4.26,4.25,4.2575
2020-01-30,4.26,4.27,4.25,4.27
2020-01-31,4.27,4.27,4.245,4.2525
2020-02-03,4.245,4.2526,4.24,4.245
2020-02-04,4.245,4.2625,4.2375,4.2575
2020-02-05,4.25,4.2625,4.24,4.26
2020-02-06,4.26,4.26,4.225,4.23
2020-02-07,4.245,4.2625,4.24,4.25
2020-02-10,4.245,4.25,4.23,4.2375
2020-02-11,4.24,4.24,4.225,4.225
2020-02-12,4.22,4.245,4.2075,4.23
2020-02-13,4.23,4.27,4.23,4.26
2020-02-14,4.26,4.275,4.25,4.27
2020-02-17,4.27,4.27,4.265,4.265
2020-02-18,4.26,4.28,4.26,4.2713
2020-02-19,4.2675,4.34,4.26,4.2675
2020-02-20,4.27,4.2765,4.255,4.265
2020-02-21,4.265,4.265,4.23,4.2525
2020-02-24,4.25,4.25,4.2075,4.21
2020-02-25,4.21,4.21,4.185,4.185
2020-02-26,4.185,4.195,4.1725,4.18
2020-02-27,4.18,4.23,4.18,4.2225
2020-02-28,4.22,4.25,4.22,4.24
2020-03-02,4.24,4.24,4.15,4.155
2020-03-03,4.055,4.0601,4.04,4.04
2020-03-04,3.935,3.935,3.93,3.93
2020-03-05,3.94,4.005,3.94,4.005
2020-03-06,3.995,4.08,3.97,4.07
2020-03-09,4.07,4.2375,4.0698,4.23
2020-03-10,4.23,4.26,4.22,4.25
2020-03-11,4.25,4.435,4.25,4.435
2020-03-12,4.435,4.4501,4.435,4.45
2020-03-13,4.575,4.65,4.575,4.65
2020-03-16,4.64,4.69,4.4,4.4
2020-03-17,4.4,4.4,4.3999,4.4
2020-03-18,4.0,4.0,4.0,4.0
2020-03-19,4.0,4.0,4.0,4.0
2020-03-20,4.0,4.0007,3.9959,4.0
2020-03-23,3.55,3.55,3.55,3.55
2020-03-24,3.55,3.55,3.55,3.55
2020-03-25,3.16,3.16,3.155,3.155
2020-03-26,3.155,3.18,3.13,3.18
2020-03-27,3.19,3.19,3.19,3.19
2020-03-30,3.19,3.2019,3.15,3.15
2020-03-31,3.15,3.27,3.13,3.26
2020-04-01,3.29,3.375,3.29,3.36
2020-04-02,3.365,3.375,3.365,3.375
2020-04-03,3.4,3.435,3.4,3.435
2020-04-06,3.445,3.455,3.41,3.45
2020-04-07,3.415,3.415,3.33,3.33
2020-04-08,3.33,3.35,3.2998,3.31
2020-04-09,3.3,3.3,3.3,3.3
2020-04-13,3.3,3.3016,3.2998,3.3
2020-04-14,3.165,3.2,3.105,3.105
2020-04-15,3.105,3.105,3.025,3.025
2020-04-16,3.02,3.025,2.9999,3.0
2020-04-17,3.0,3.0,2.945,2.945
2020-04-20,2.95,2.98,2.9499,2.96
2020-04-21,2.96,2.96,2.8999,2.9
2020-04-22,2.9,2.9101,2.82,2.89
2020-04-23,2.85,2.89,2.775,2.775
2020-04-24,2.74,2.78,2.7398,2.78
2020-04-27,2.78,2.78,2.73,2.78
2020-04-28,2.78,2.78,2.75,2.78
2020-04-29,2.77,2.77,2.76,2.76
2020-04-30,2.76,2.76,2.75,2.75
2020-05-01,2.73,2.73,2.7299,2.73
2020-05-04,2.73,2.775,2.7291,2.75
2020-05-05,2.75,2.75,2.64,2.675
2020-05-06,2.675,2.69,2.61,2.61
2020-05-07,2.61,2.63,2.43,2.43
2020-05-08,2.43,2.45,2.425,2.45
2020-05-11,2.425,2.5,2.425,2.5
2020-05-12,2.5,2.54,2.5,2.54
2020-05-13,2.54,2.54,2.52,2.53
2020-05-14,2.53,2.53,2.4248,2.44
2020-05-15,2.44,2.48,2.405,2.41
2020-05-18,2.42,2.43,2.375,2.375
2020-05-19,2.375,2.42,2.29,2.29
2020-05-20,2.3,2.3,2.24,2.245
2020-05-21,2.255,2.27,2.235,2.265
2020-05-22,2.275,2.34,2.275,2.285
2020-05-25,2.28,2.2851,2.2797,2.285
2020-05-26,2.285,2.2875,2.28,2.2875
2020-05-27,2.285,2.3,2.2825,2.3
2020-05-28,2.3,2.32,2.2999,2.32
2020-05-29,2.32,2.35,2.32,2.34
2020-06-01,2.34,2.425,2.33,2.33
2020-06-02,2.33,2.3675,2.33,2.34
2020-06-03,2.345,2.39,2.345,2.385
2020-06-04,2.385,2.44,2.385,2.43
2020-06-05,2.445,2.475,2.445,2.475
2020-06-08,2.485,2.4901,2.34,2.37
2020-06-09,2.38,2.385,2.375,2.38
2020-06-11,2.385,2.39,2.385,2.39
2020-06-12,2.39,2.4,2.33,2.33
2020-06-15,2.34,2.34,2.3399,2.34
2020-06-16,2.34,2.355,2.32,2.35
2020-06-17,2.35,2.35,2.2744,2.275
2020-06-18,2.275,2.2825,2.2295,2.255
2020-06-19,2.255,2.255,2.225,2.23
2020-06-22,2.24,2.2452,2.239,2.245
2020-06-23,2.245,2.25,2.195,2.195
2020-06-24,2.205,2.2276,2.195,2.225
2020-06-25,2.215,2.2275,2.205,2.225
2020-06-26,2.205,2.215,2.1625,2.165
2020-06-29,2.165,2.165,2.165,2.165
2020-06-30,2.165,2.2,2.15,2.17
2020-07-01,2.155,2.23,2.155,2.175
2020-07-02,2.175,2.185,2.16,2.165
2020-07-03,2.165,2.175,2.1399,2.14
2020-07-06,2.14,2.1428,2.075,2.09
2020-07-07,2.09,2.1101,2.0798,2.1
2020-07-08,2.075,2.09,2.05,2.05
2020-07-09,2.05,2.09,2.05,2.09
2020-07-10,2.09,2.1075,2.0899,2.095
2020-07-13,2.095,2.1053,2.0894,2.1
2020-07-14,2.1,2.125,2.0999,2.125
2020-07-15,2.12,2.12,2.095,2.1
2020-07-16,2.1,2.1,2.0825,2.085
2020-07-17,2.075,2.085,2.0749,2.075
2020-07-20,2.08,2.0801,2.0794,2.08
2020-07-21,2.08,2.09,2.065,2.075
2020-07-22,2.065,2.085,2.065,2.075
2020-07-23,2.075,2.0875,2.07,2.07
2020-07-24,2.07,2.1,2.07,2.08
2020-07-27,2.08,2.0901,2.0775,2.08
2020-07-28,2.08,2.085,2.07,2.085
2020-07-29,2.085,2.09,2.055,2.075
2020-07-30,2.06,2.07,2.035,2.045
2020-07-31,2.045,2.06,2.03,2.04
2020-08-03,2.035,2.0405,1.97,1.975
2020-08-04,1.975,1.9901,1.9625,1.975
2020-08-05,1.975,1.99,1.955,1.97
2020-08-06,1.97,2.005,1.96,1.965
2020-08-07,1.97,1.97,1.97,1.97
2020-08-10,1.97,1.99,1.9649,1.99
2020-08-11,1.99,2.02,1.99,2.01
2020-08-12,2.01,2.08,2.0099,2.07
2020-08-13,2.07,2.09,2.02,2.09
2020-08-14,2.09,2.1,2.065,2.08
2020-08-17,2.08,2.0801,2.0797,2.08
2020-08-18,2.08,2.09,2.0649,2.065
2020-08-19,2.065,2.075,2.04,2.07
2020-08-20,2.07,2.085,2.07,2.085
2020-08-21,2.085,2.095,2.08,2.095
2020-08-24,2.095,2.105,2.075,2.085
2020-08-25,2.08,2.12,2.08,2.1
2020-08-26,2.1,2.1175,2.095,2.095
2020-08-27,2.095,2.1475,2.09,2.105
2020-08-28,2.105,2.13,2.1025,2.12
2020-08-31,2.12,2.135,2.0825,2.105
2020-09-01,2.105,2.11,2.0,2.0
2020-09-02,2.0,2.03,1.9725,1.975
2020-09-03,1.975,2.035,1.975,2.0
2020-09-04,2.0,2.015,1.97,1.97
2020-09-07,1.975,1.98,1.9699,1.98
2020-09-08,1.98,1.98,1.93,1.93
2020-09-09,1.94,1.94,1.8949,1.905
2020-09-10,1.905,1.9125,1.89,1.9
2020-09-11,1.9,1.91,1.89,1.895
2020-09-14,1.905,1.9056,1.87,1.88
2020-09-15,1.88,1.9025,1.875,1.89
2020-09-16,1.89,1.9,1.87,1.885
2020-09-17,1.875,1.885,1.86,1.86
2020-09-18,1.86,1.88,1.84,1.845
2020-09-21,1.85,1.988,1.835,1.835
2020-09-22,1.835,1.835,1.8075,1.81
2020-09-23,1.81,1.83,1.805,1.82
2020-09-24,1.835,1.8575,1.835,1.845
2020-09-25,1.845,1.86,1.8299,1.855
2020-09-28,1.86,1.8601,1.76,1.78
2020-09-29,1.79,1.7975,1.7799,1.795
2020-09-30,1.785,1.8025,1.7849,1.795
2020-10-01,1.795,1.81,1.79,1.805
2020-10-02,1.805,1.805,1.8,1.8
2020-10-05,1.81,1.83,1.81,1.815
2020-10-06,1.815,1.855,1.815,1.84
2020-10-07,1.84,1.855,1.84,1.845
2020-10-08,1.85,1.85,1.825,1.825
2020-10-09,1.84,1.84,1.805,1.81
2020-10-12,1.81,1.8415,1.505,1.81
2020-10-13,1.81,1.82,1.805,1.82
2020-10-14,1.82,1.82,1.77,1.77
2020-10-15,1.775,1.785,1.765,1.765
2020-10-16,1.765,1.78,1.7475,1.77
2020-10-19,1.77,1.78,1.7699,1.78
2020-10-20,1.78,1.8,1.77,1.77
2020-10-21,1.78,1.78,1.76,1.765
2020-10-22,1.765,1.785,1.7599,1.785
2020-10-23,1.785,1.785,1.775,1.775
2020-10-26,1.775,1.7776,1.765,1.77
2020-10-27,1.77,1.785,1.7696,1.78
2020-10-28,1.78,1.8001,1.7798,1.78
2020-10-29,1.78,1.785,1.77,1.775
2020-10-30,1.775,1.785,1.775,1.785
2020-11-02,1.785,1.7851,1.7849,1.785
2020-11-03,1.785,1.8101,1.775,1.8
2020-11-04,1.8,1.81,1.775,1.775
2020-11-05,1.785,1.785,1.765,1.765
2020-11-06,1.765,1.765,1.725,1.74
2020-11-09,1.74,1.7456,1.6625,1.74
2020-11-10,1.74,1.7751,1.74,1.775
2020-11-11,1.775,1.81,1.775,1.785
2020-11-12,1.785,1.805,1.78,1.785
2020-11-13,1.785,1.815,1.785,1.805
2020-11-16,1.81,1.81,1.8099,1.81
2020-11-17,1.81,1.8301,1.8047,1.805
2020-11-18,1.805,1.8051,1.8,1.805
2020-11-19,1.805,1.82,1.805,1.805
2020-11-20,1.805,1.8151,1.805,1.815
2020-11-23,1.815,1.82,1.8099,1.815
2020-11-24,1.815,1.855,1.8149,1.845
2020-11-25,1.845,1.86,1.845,1.85
2020-11-26,1.85,1.855,1.8497,1.85
2020-11-27,1.85,1.85,1.8449,1.85
2020-11-30,1.85,1.87,1.8475,1.86
2020-12-01,1.865,1.9,1.8599,1.9
2020-12-02,1.89,1.93,1.8899,1.925
2020-12-03,1.93,1.93,1.89,1.895
2020-12-04,1.895,1.91,1.88,1.9
2020-12-07,1.9,1.9025,1.8649,1.895
2020-12-09,1.9,1.92,1.89,1.915
2020-12-10,1.915,1.92,1.895,1.92
2020-12-11,1.92,1.925,1.89,1.89
2020-12-14,1.89,1.9025,1.88,1.895
2020-12-15,1.895,1.9175,1.8875,1.9175
2020-12-16,1.89,1.895,1.8799,1.88
2020-12-17,1.88,1.885,1.875,1.88
2020-12-18,1.875,1.885,1.85,1.865
2020-12-21,1.865,1.865,1.7681,1.79
2020-12-22,1.79,1.79,1.74,1.74
2020-12-23,1.75,1.775,1.745,1.77
2020-12-24,1.76,1.77,1.7599,1.77
2020-12-25,1.76,1.76,1.76,1.76
2020-12-28,1.76,1.77,1.75,1.77
2020-12-29,1.77,1.7801,1.76,1.76
2020-12-30,1.77,1.77,1.75,1.75
2020-12-31,1.74,1.74,1.74,1.74
2021-01-04,1.765,1.765,1.715,1.725
2021-01-05,1.72,1.74,1.685,1.685
2021-01-06,1.685,1.77,1.685,1.75
2021-01-07,1.75,1.77,1.73,1.73
2021-01-08,1.7375,1.7375,1.67,1.685
2021-01-11,1.69,1.6904,1.69,1.69
2021-01-12,1.69,1.705,1.6799,1.705
2021-01-13,1.7,1.7001,1.665,1.68
2021-01-14,1.68,1.68,1.645,1.655
2021-01-15,1.655,1.66,1.625,1.63
2021-01-18,1.63,1.6374,1.6275,1.63
2021-01-19,1.63,1.6401,1.6149,1.615
2021-01-20,1.615,1.6425,1.6,1.64
2021-01-21,1.64,1.66,1.625,1.635
2021-01-22,1.635,1.6401,1.63,1.63
2021-01-25,1.63,1.6452,1.625,1.645
2021-01-26,1.645,1.65,1.63,1.645
2021-01-27,1.645,1.68,1.64,1.68
2021-01-28,1.68,1.69,1.6749,1.68
2021-01-29,1.68,1.7001,1.67,1.7
2021-02-01,1.7,1.765,1.69,1.7375
2021-02-02,1.755,1.755,1.7095,1.71
2021-02-03,1.71,1.72,1.705,1.705
2021-02-04,1.705,1.72,1.705,1.72
2021-02-05,1.72,1.735,1.7175,1.735
2021-02-08,1.73,1.75,1.7242,1.75
2021-02-09,1.75,1.77,1.74,1.77
2021-02-10,1.77,1.77,1.75,1.77
2021-02-11,1.77,1.7701,1.7625,1.77
2021-02-12,1.77,1.77,1.7375,1.74
2021-02-15,1.74,1.7703,1.7325,1.77
2021-02-16,1.77,1.83,1.77,1.825
2021-02-17,1.825,1.85,1.82,1.82
2021-02-18,1.82,1.85,1.815,1.85
2021-02-19,1.85,1.865,1.84,1.86
2021-02-22,1.86,1.9,1.8487,1.89
2021-02-23,1.89,1.8902,1.85,1.87
2021-02-24,1.87,1.8901,1.86,1.87
2021-02-25,1.86,1.915,1.8599,1.91
2021-02-26,1.92,1.92,1.8875,1.89
2021-03-01,1.89,1.89,1.855,1.87
2021-03-02,1.87,1.89,1.8698,1.8775
2021-03-03,1.875,1.91,1.8699,1.9
2021-03-04,1.9,1.925,1.885,1.925
2021-03-05,1.915,1.93,1.9,1.91
2021-03-08,1.93,1.97,1.91,1.96
2021-03-09,1.9575,1.9575,1.91,1.92
2021-03-10,1.92,1.93,1.9,1.9
2021-03-11,1.9,1.915,1.885,1.915
2021-03-12,1.915,1.95,1.9149,1.95
2021-03-15,1.94,1.9418,1.9297,1.93
2021-03-16,1.93,1.9375,1.9,1.93
2021-03-17,1.93,1.955,1.93,1.95
2021-03-18,1.95,2.0001,1.94,2.0
2021-03-19,2.0,2.0101,1.97,2.01
2021-03-22,2.0,2.0113,1.9688,2.01
2021-03-23,2.01,2.03,2.0,2.025
2021-03-24,2.03,2.1,2.0247,2.095
2021-03-25,2.095,2.17,2.0949,2.16
2021-03-26,2.165,2.19,2.14,2.155
2021-03-29,2.15,2.245,2.1025,2.245
2021-03-30,2.25,2.325,2.2499,2.3
2021-03-31,2.3,2.3,2.25,2.26
2021-04-01,2.26,2.2601,2.26,2.26
2021-04-05,2.255,2.2702,2.2299,2.27
2021-04-06,2.27,2.2901,2.215,2.235
2021-04-07,2.235,2.2352,2.135,2.18
2021-04-08,2.17,2.175,2.13,2.13
2021-04-09,2.12,2.17,2.12,2.16
2021-04-12,2.16,2.2,2.16,2.19
2021-04-13,2.19,2.2001,2.13,2.14
2021-04-14,2.14,2.14,2.075,2.075
2021-04-15,2.075,2.0901,2.03,2.065
2021-04-16,2.065,2.1,2.065,2.07
2021-04-19,2.07,2.09,2.0338,2.08
