Date,Mid Price
2008-01-02,8.95
2008-01-03,8.97
2008-01-04,8.951
2008-01-08,8.96
2008-01-09,8.97
2008-01-10,8.975
2008-01-11,8.978
2008-01-14,8.98
2008-01-15,8.97
2008-01-16,8.97
2008-01-17,8.978
2008-01-18,8.99
2008-01-21,8.992
2008-01-22,8.985
2008-01-23,8.98
2008-01-24,8.978
2008-01-25,8.965
2008-01-28,8.965
2008-01-29,8.957
2008-01-30,8.952
2008-01-31,8.955
2008-02-01,8.951
2008-02-04,8.959
2008-02-05,8.97
2008-02-06,8.978
2008-02-07,8.988
2008-02-08,8.992
2008-02-11,8.997
2008-02-12,9.0
2008-02-13,8.995
2008-02-14,8.993
2008-02-15,8.998
2008-02-18,9.014
2008-02-19,9.042
2008-02-20,9.053
2008-02-21,9.06
2008-02-22,9.064
2008-02-25,9.216
2008-02-26,9.218
2008-02-27,9.222
2008-02-28,9.229
2008-02-29,9.233
2008-03-03,9.241
2008-03-04,9.236
2008-03-05,9.246
2008-03-06,9.253
2008-03-07,9.256
2008-03-10,9.252
2008-03-11,9.25
2008-03-12,9.249
2008-03-13,9.239
2008-03-14,9.23
2008-03-17,9.225
2008-03-18,9.236
2008-03-19,9.218
2008-03-25,9.205
2008-03-26,9.215
2008-03-27,9.228
2008-03-28,9.232
2008-03-31,9.22
2008-04-01,9.22
2008-04-02,9.218
2008-04-03,9.213
2008-04-04,9.213
2008-04-07,9.21
2008-04-08,9.208
2008-04-09,9.208
2008-04-10,9.212
2008-04-11,9.212
2008-04-14,9.21
2008-04-15,9.205
2008-04-16,9.209
2008-04-17,9.211
2008-04-18,9.215
2008-04-21,9.219
2008-04-22,9.225
2008-04-23,9.227
2008-04-24,9.231
2008-04-25,9.219
2008-04-28,9.198
2008-04-29,9.189
2008-04-30,9.203
2008-05-02,9.21
2008-05-06,9.211
2008-05-07,9.213
2008-05-08,9.228
2008-05-09,9.231
2008-05-12,9.233
2008-05-13,9.236
2008-05-14,9.236
2008-05-15,9.238
2008-05-16,9.236
2008-05-19,9.237
2008-05-20,9.239
2008-05-21,9.239
2008-05-22,9.24
2008-05-23,9.229
2008-05-27,9.228
2008-05-28,9.23
2008-05-29,9.231
2008-05-30,9.232
2008-06-03,9.228
2008-06-04,9.226
2008-06-05,9.222
2008-06-06,9.22
2008-06-09,9.223
2008-06-10,9.225
2008-06-11,9.226
2008-06-12,9.226
2008-06-13,9.228
2008-06-16,9.227
2008-06-17,9.227
2008-06-18,9.225
2008-06-19,9.226
2008-06-20,9.224
2008-06-23,9.226
2008-06-24,9.226
2008-06-25,9.226
2008-06-26,9.227
2008-06-27,9.226
2008-07-01,9.226
2008-07-02,9.227
2008-07-03,9.227
2008-07-04,9.227
2008-07-07,9.228
2008-07-08,9.229
2008-07-09,9.231
2008-07-10,9.232
2008-07-11,9.232
2008-07-14,9.232
2008-07-15,9.231
2008-07-16,9.229
2008-07-17,9.23
2008-07-18,9.228
2008-07-21,9.226
2008-07-22,9.226
2008-07-23,9.226
2008-07-24,9.226
2008-07-25,9.225
2008-07-28,9.441
2008-07-29,9.436
2008-07-30,9.438
2008-07-31,9.434
2008-08-01,9.432
2008-08-04,9.433
2008-08-05,9.438
2008-08-06,9.431
2008-08-08,9.433
2008-08-11,9.434
2008-08-12,9.433
2008-08-13,9.434
2008-08-14,9.434
2008-08-15,9.433
2008-08-19,9.435
2008-08-20,9.434
2008-08-21,9.434
2008-08-22,9.435
2008-08-25,9.431
2008-08-26,9.427
2008-08-27,9.428
2008-08-28,9.415
2008-08-29,9.408
2008-09-01,9.407
2008-09-02,9.409
2008-09-03,9.415
2008-09-04,9.42
2008-09-05,9.419
2008-09-08,9.42
2008-09-09,9.419
2008-09-10,9.415
2008-09-11,9.412
2008-09-12,9.41
2008-09-15,9.403
2008-09-16,9.402
2008-09-17,9.401
2008-09-18,9.4
2008-09-19,9.398
2008-09-22,9.4
2008-09-23,9.402
2008-09-24,9.4
2008-09-25,9.397
2008-09-26,9.396
2008-09-29,9.394
2008-09-30,9.389
2008-10-01,9.4
2008-10-02,9.403
2008-10-03,9.399
2008-10-06,9.408
2008-10-07,9.414
2008-10-08,9.417
2008-10-09,9.42
2008-10-10,9.426
2008-10-14,9.402
2008-10-15,9.414
2008-10-16,9.416
2008-10-17,9.42
2008-10-20,9.419
2008-10-21,9.424
2008-10-22,9.43
2008-10-23,9.432
2008-10-24,9.435
2008-10-27,9.438
2008-10-28,9.433
2008-10-29,9.439
2008-10-30,9.44
2008-10-31,9.422
2008-11-04,9.408
2008-11-05,9.4
2008-11-06,9.398
2008-11-07,9.389
2008-11-10,9.385
2008-11-11,9.369
2008-11-12,9.349
2008-11-13,9.344
2008-11-14,9.325
2008-11-18,9.3
2008-11-19,9.283
2008-11-20,9.251
2008-11-21,9.21
2008-11-24,9.15
2008-11-25,9.025
2008-11-26,9.0
2008-11-27,8.97
2008-11-28,8.92
2008-12-01,8.87
2008-12-02,8.8
2008-12-03,8.79
2008-12-04,8.765
2008-12-05,8.72
2008-12-09,8.67
2008-12-10,8.66
2008-12-11,8.685
2008-12-12,8.72
2008-12-15,8.68
2008-12-16,8.675
2008-12-17,8.65
2008-12-18,8.635
2008-12-19,8.625
2008-12-22,8.4
2008-12-23,8.385
2008-12-24,8.368
2008-12-26,8.383
2008-12-29,8.354
2008-12-30,8.355
2009-01-02,8.343
2009-01-05,8.342
2009-01-06,8.36
2009-01-07,8.38
2009-01-08,8.418
2009-01-09,8.423
2009-01-13,8.435
2009-01-14,8.445
2009-01-15,8.466
2009-01-16,8.503
2009-01-19,8.547
2009-01-20,8.568
2009-01-21,8.605
2009-01-22,8.621
2009-01-23,8.656
2009-01-26,8.702
2009-01-27,8.748
2009-01-28,8.788
2009-01-29,8.823
2009-01-30,8.856
2009-02-02,8.46
2009-02-03,8.484
2009-02-04,8.497
2009-02-05,8.508
2009-02-06,8.523
2009-02-09,8.557
2009-02-10,8.598
2009-02-11,8.611
2009-02-12,8.627
2009-02-13,8.616
2009-02-16,8.607
2009-02-17,8.599
2009-02-18,8.57
2009-02-19,8.554
2009-02-20,8.518
2009-02-23,8.495
2009-02-24,8.5
2009-02-25,8.5
2009-02-26,8.48
2009-02-27,8.473
2009-03-02,7.571
2009-03-03,7.542
2009-03-04,7.556
2009-03-05,7.546
2009-03-06,7.545
2009-03-09,7.582
2009-03-10,7.597
2009-03-11,7.607
2009-03-12,7.598
2009-03-13,7.618
2009-03-16,7.611
2009-03-17,7.605
2009-03-18,7.61
2009-03-19,7.619
2009-03-20,7.619
2009-03-24,6.698
2009-03-25,6.701
2009-03-26,6.71
2009-03-27,6.696
2009-03-30,6.73
2009-03-31,6.715
2009-04-01,6.729
2009-04-02,6.72
2009-04-03,6.73
2009-04-06,6.733
2009-04-07,6.736
2009-04-08,6.744
2009-04-13,6.752
2009-04-14,6.756
2009-04-15,6.757
2009-04-16,6.756
2009-04-17,6.765
2009-04-20,6.767
2009-04-21,6.766
2009-04-22,6.767
2009-04-23,6.761
2009-04-24,6.756
2009-04-27,6.75
2009-04-28,6.741
2009-04-29,6.745
2009-04-30,6.756
2009-05-04,5.75
2009-05-05,5.776
2009-05-06,5.793
2009-05-07,5.835
2009-05-08,5.876
2009-05-11,5.914
2009-05-12,5.948
2009-05-13,5.955
2009-05-14,5.943
2009-05-15,5.927
2009-05-18,5.892
2009-05-19,5.881
2009-05-20,5.868
2009-05-21,5.84
2009-05-22,5.83
2009-05-26,5.8
2009-05-27,5.769
2009-05-28,5.771
2009-05-29,5.782
2009-06-01,4.816
2009-06-02,4.816
2009-06-03,4.836
2009-06-04,4.86
2009-06-05,4.888
2009-06-08,4.87
2009-06-09,4.895
2009-06-10,4.9
2009-06-11,4.885
2009-06-12,4.875
2009-06-16,4.89
2009-06-17,4.91
2009-06-18,4.923
2009-06-19,4.905
2009-06-23,4.42
2009-06-24,4.407
2009-06-25,4.391
2009-06-26,4.376
2009-06-30,4.387
2009-07-01,4.38
2009-07-02,4.372
2009-07-03,4.384
2009-07-06,4.376
2009-07-07,4.374
2009-07-08,4.38
2009-07-09,4.384
2009-07-10,4.381
2009-07-13,4.375
2009-07-14,4.357
2009-07-15,4.358
2009-07-16,4.344
2009-07-17,4.332
2009-07-21,4.319
2009-07-22,4.308
2009-07-23,4.295
2009-07-24,4.265
2009-07-27,4.24
2009-07-28,4.209
2009-07-29,4.178
2009-07-30,4.155
2009-07-31,4.116
2009-08-03,4.076
2009-08-04,4.033
2009-08-05,3.99
2009-08-06,3.966
2009-08-10,3.94
2009-08-11,3.928
2009-08-12,3.936
2009-08-13,3.906
2009-08-14,3.888
2009-08-18,3.89
2009-08-19,3.859
2009-08-20,3.865
2009-08-21,3.885
2009-08-24,3.843
2009-08-25,3.805
2009-08-26,3.865
2009-08-27,3.916
2009-08-28,3.959
2009-08-31,4.007
2009-09-01,4.075
2009-09-02,4.15
2009-09-03,4.186
2009-09-04,4.265
2009-09-07,4.265
2009-09-08,4.24
2009-09-09,4.206
2009-09-10,4.18
2009-09-11,4.15
2009-09-14,4.165
2009-09-15,4.17
2009-09-16,4.205
2009-09-17,4.206
2009-09-18,4.207
2009-09-21,4.242
2009-09-22,4.273
2009-09-23,4.303
2009-09-24,4.334
2009-09-25,4.345
2009-09-28,3.861
2009-09-29,3.867
2009-09-30,3.865
2009-10-01,3.863
2009-10-02,3.882
2009-10-05,3.89
2009-10-06,3.911
2009-10-07,3.894
2009-10-08,3.872
2009-10-09,3.862
2009-10-13,3.853
2009-10-14,3.856
2009-10-15,3.891
2009-10-16,3.886
2009-10-19,3.897
2009-10-20,3.856
2009-10-21,3.893
2009-10-22,3.886
2009-10-23,3.881
2009-10-26,3.887
2009-10-27,3.892
2009-10-28,3.887
2009-10-29,3.862
2009-10-30,3.854
2009-11-03,3.867
2009-11-04,3.867
2009-11-05,3.87
2009-11-06,3.862
2009-11-09,3.851
2009-11-10,3.87
2009-11-11,3.877
2009-11-12,3.877
2009-11-13,3.877
2009-11-17,3.888
2009-11-18,3.89
2009-11-19,3.874
2009-11-20,3.87
2009-11-23,3.842
2009-11-24,3.405
2009-11-25,3.395
2009-11-26,3.367
2009-11-27,3.33
2009-11-30,3.305
2009-12-01,3.273
2009-12-02,3.255
2009-12-03,3.253
2009-12-04,3.248
2009-12-07,3.26
2009-12-09,3.245
2009-12-10,3.22
2009-12-11,3.15
2009-12-14,3.155
2009-12-15,3.105
2009-12-16,3.115
2009-12-17,3.105
2009-12-18,3.08
2009-12-21,3.07
2009-12-22,3.0
2009-12-23,2.97
2009-12-24,2.895
2009-12-28,2.805
2009-12-29,2.75
2009-12-30,2.875
2010-01-04,3.0
2010-01-05,3.09
2010-01-06,3.175
2010-01-07,3.185
2010-01-08,3.135
2010-01-12,3.163
2010-01-13,3.25
2010-01-14,3.2
2010-01-15,3.275
2010-01-18,3.225
2010-01-19,3.2
2010-01-20,3.2
2010-01-21,3.18
2010-01-22,3.165
2010-01-25,3.125
2010-01-26,3.125
2010-01-27,3.204
2010-01-28,3.24
2010-01-29,3.24
2010-02-01,3.225
2010-02-02,3.225
2010-02-03,3.215
2010-02-04,3.25
2010-02-05,3.24
2010-02-08,3.225
2010-02-09,3.225
2010-02-10,3.225
2010-02-11,3.35
2010-02-12,3.3
2010-02-15,3.275
2010-02-16,3.3
2010-02-17,3.302
2010-02-18,3.31
2010-02-19,3.34
2010-02-22,3.318
2010-02-23,3.3
2010-02-24,3.255
2010-02-25,3.255
2010-02-26,3.265
2010-03-01,3.245
2010-03-02,3.22
2010-03-03,3.25
2010-03-04,3.25
2010-03-05,3.2
2010-03-08,3.185
2010-03-09,3.2
2010-03-10,3.168
2010-03-11,3.17
2010-03-12,3.225
2010-03-15,3.23
2010-03-16,3.365
2010-03-17,3.325
2010-03-18,3.275
2010-03-19,3.325
2010-03-23,3.315
2010-03-24,3.34
2010-03-25,3.35
2010-03-26,3.33
2010-03-29,3.3
2010-03-30,3.315
2010-03-31,3.35
2010-04-05,3.375
2010-04-06,3.385
2010-04-07,3.403
2010-04-08,3.398
2010-04-09,3.425
2010-04-12,3.395
2010-04-13,3.395
2010-04-14,3.398
2010-04-15,3.44
2010-04-16,3.45
2010-04-19,3.453
2010-04-20,3.425
2010-04-21,3.418
2010-04-22,3.408
2010-04-23,3.4
2010-04-26,3.405
2010-04-27,3.428
2010-04-28,3.428
2010-04-29,3.428
2010-04-30,3.41
2010-05-03,2.925
2010-05-04,2.93
2010-05-05,2.93
2010-05-06,2.943
2010-05-07,2.95
2010-05-10,2.958
2010-05-11,2.963
2010-05-12,2.968
2010-05-13,2.97
2010-05-14,2.978
2010-05-18,2.98
2010-05-19,2.98
2010-05-20,2.988
2010-05-21,2.99
2010-05-24,2.978
2010-05-25,2.97
2010-05-26,2.968
2010-05-27,2.963
2010-05-28,2.948
2010-05-31,2.95
2010-06-01,2.935
2010-06-02,2.945
2010-06-03,2.95
2010-06-04,2.95
2010-06-08,2.96
2010-06-09,2.966
2010-06-10,2.966
2010-06-11,2.971
2010-06-15,2.98
2010-06-16,2.983
2010-06-17,2.999
2010-06-18,2.98
2010-06-21,2.963
2010-06-22,2.94
2010-06-23,2.93
2010-06-24,2.923
2010-06-25,2.925
2010-06-28,2.925
2010-06-29,2.941
2010-06-30,2.94
2010-07-01,2.975
2010-07-02,2.975
2010-07-06,2.984
2010-07-07,2.985
2010-07-08,2.965
2010-07-09,2.955
2010-07-12,2.963
2010-07-13,2.957
2010-07-14,2.962
2010-07-15,2.97
2010-07-16,2.95
2010-07-19,2.971
2010-07-21,2.97
2010-07-22,2.97
2010-07-23,2.97
2010-07-26,2.935
2010-07-27,2.93
2010-07-28,2.945
2010-07-29,2.948
2010-07-30,2.95
2010-08-02,2.938
2010-08-03,2.93
2010-08-04,2.93
2010-08-05,2.938
2010-08-06,2.938
2010-08-09,2.933
2010-08-10,2.945
2010-08-11,2.953
2010-08-12,2.956
2010-08-13,2.965
2010-08-17,2.97
2010-08-18,2.971
2010-08-19,2.974
2010-08-20,2.965
2010-08-23,2.968
2010-08-24,2.984
2010-08-25,2.983
2010-08-26,2.976
2010-08-27,2.975
2010-08-30,2.986
2010-08-31,2.993
2010-09-01,2.956
2010-09-02,2.965
2010-09-03,2.967
2010-09-06,2.982
2010-09-07,2.996
2010-09-08,2.986
2010-09-09,2.967
2010-09-10,2.964
2010-09-13,2.949
2010-09-14,2.95
2010-09-15,2.955
2010-09-16,2.955
2010-09-17,2.958
2010-09-20,2.958
2010-09-21,2.96
2010-09-22,2.963
2010-09-23,2.963
2010-09-24,2.958
2010-09-27,2.943
2010-09-28,2.938
2010-09-29,2.938
2010-09-30,2.938
2010-10-01,2.948
2010-10-04,2.958
2010-10-05,2.943
2010-10-06,2.943
2010-10-07,2.943
2010-10-08,2.943
2010-10-11,2.925
2010-10-12,2.923
2010-10-13,2.923
2010-10-14,2.92
2010-10-15,2.925
2010-10-19,2.925
2010-10-20,2.925
2010-10-21,2.932
2010-10-22,2.942
2010-10-25,2.948
2010-10-26,2.945
2010-10-27,2.942
2010-10-28,2.928
2010-10-29,2.925
2010-11-02,2.925
2010-11-03,2.925
2010-11-04,2.92
2010-11-05,2.92
2010-11-08,2.916
2010-11-09,2.92
2010-11-10,2.927
2010-11-11,2.943
2010-11-12,2.96
2010-11-16,2.958
2010-11-17,2.938
2010-11-18,2.963
2010-11-19,2.965
2010-11-22,2.974
2010-11-23,2.982
2010-11-24,2.935
2010-11-25,2.925
2010-11-26,2.935
2010-11-29,2.94
2010-11-30,2.92
2010-12-01,2.93
2010-12-02,2.97
2010-12-03,2.963
2010-12-06,2.955
2010-12-07,2.989
2010-12-09,2.99
2010-12-10,2.99
2010-12-13,2.958
2010-12-14,2.92
2010-12-15,2.97
2010-12-16,2.978
2010-12-17,2.978
2010-12-20,2.96
2010-12-21,2.988
2010-12-22,2.983
2010-12-23,2.985
2010-12-24,2.99
2010-12-27,2.963
2010-12-28,2.973
2010-12-29,2.92
2010-12-30,2.958
2011-01-03,2.973
2011-01-04,2.975
2011-01-05,2.98
2011-01-06,2.971
2011-01-07,2.961
2011-01-11,2.965
2011-01-12,2.945
2011-01-13,2.94
2011-01-14,2.945
2011-01-17,2.945
2011-01-18,2.945
2011-01-19,2.935
2011-01-20,2.935
2011-01-21,2.943
2011-01-24,2.948
2011-01-25,2.918
2011-01-26,2.945
2011-01-27,2.95
2011-01-28,2.958
2011-01-31,2.983
2011-02-01,2.966
2011-02-02,2.963
2011-02-03,2.98
2011-02-04,2.978
2011-02-07,2.997
2011-02-08,2.995
2011-02-09,2.955
2011-02-10,2.965
2011-02-11,2.928
2011-02-14,2.935
2011-02-15,2.935
2011-02-16,2.97
2011-02-17,2.978
2011-02-18,2.986
2011-02-21,2.968
2011-02-22,2.958
2011-02-23,2.96
2011-02-24,2.978
2011-02-25,2.993
2011-02-28,3.18
2011-03-01,3.18
2011-03-02,3.15
2011-03-03,3.128
2011-03-04,3.105
2011-03-07,3.025
2011-03-08,3.0
2011-03-09,3.075
2011-03-10,3.128
2011-03-11,3.145
2011-03-14,3.198
2011-03-15,3.148
2011-03-16,3.175
2011-03-17,3.245
2011-03-18,3.24
2011-03-22,3.47
2011-03-23,3.52
2011-03-24,3.495
2011-03-25,3.465
2011-03-28,3.475
2011-03-29,3.51
2011-03-30,3.523
2011-03-31,3.51
2011-04-01,3.45
2011-04-04,3.5
2011-04-05,3.45
2011-04-06,3.4
2011-04-07,3.45
2011-04-08,3.45
2011-04-11,3.45
2011-04-12,3.45
2011-04-13,3.39
2011-04-14,3.39
2011-04-15,3.445
2011-04-18,3.525
2011-04-19,3.485
2011-04-20,3.525
2011-04-25,3.535
2011-04-26,3.57
2011-04-27,3.585
2011-04-28,3.596
2011-04-29,3.588
2011-05-02,3.673
2011-05-03,3.715
2011-05-04,3.75
2011-05-05,3.775
2011-05-06,3.79
2011-05-09,3.775
2011-05-10,3.765
2011-05-11,3.77
2011-05-12,3.803
2011-05-13,3.855
2011-05-16,3.905
2011-05-17,3.965
2011-05-18,3.69
2011-05-19,3.67
2011-05-20,3.65
2011-05-23,3.66
2011-05-24,3.66
2011-05-25,3.66
2011-05-26,3.63
2011-05-27,3.635
2011-05-30,3.615
2011-05-31,3.865
2011-06-01,3.878
2011-06-02,3.893
2011-06-03,3.91
2011-06-07,3.9
2011-06-08,3.933
2011-06-09,3.87
2011-06-10,3.868
2011-06-13,3.888
2011-06-14,3.86
2011-06-15,3.91
2011-06-16,3.915
2011-06-17,3.891
2011-06-20,4.103
2011-06-21,4.113
2011-06-22,4.108
2011-06-23,4.12
2011-06-24,4.11
2011-06-28,4.098
2011-06-29,4.108
2011-06-30,4.108
2011-07-01,4.12
2011-07-05,4.153
2011-07-06,4.185
2011-07-07,4.216
2011-07-08,4.185
2011-07-11,4.18
2011-07-12,4.135
2011-07-13,4.146
2011-07-14,4.191
2011-07-15,4.159
2011-07-18,4.186
2011-07-19,4.2
2011-07-21,4.21
2011-07-22,4.245
2011-07-25,4.18
2011-07-26,4.11
2011-07-27,4.145
2011-07-28,4.161
2011-07-29,4.165
2011-08-01,4.372
2011-08-02,4.376
2011-08-03,4.429
2011-08-04,4.405
2011-08-05,4.46
2011-08-08,4.425
2011-08-09,4.415
2011-08-10,4.49
2011-08-11,4.425
2011-08-12,4.425
2011-08-16,4.425
2011-08-17,4.435
2011-08-18,4.48
2011-08-19,4.493
2011-08-22,4.425
2011-08-23,4.446
2011-08-24,4.45
2011-08-25,4.493
2011-08-26,4.5
2011-08-29,4.45
2011-08-30,4.445
2011-08-31,4.46
2011-09-01,4.45
2011-09-02,4.435
2011-09-05,4.375
2011-09-06,4.407
2011-09-07,4.37
2011-09-08,4.36
2011-09-09,4.385
2011-09-12,4.406
2011-09-13,4.365
2011-09-14,4.355
2011-09-15,4.34
2011-09-16,4.34
2011-09-19,4.385
2011-09-20,4.436
2011-09-21,4.46
2011-09-22,4.475
2011-09-23,4.475
2011-09-26,4.413
2011-09-27,4.42
2011-09-28,4.431
2011-09-29,4.46
2011-09-30,4.45
2011-10-03,4.455
2011-10-04,4.498
2011-10-05,4.5
2011-10-06,4.505
2011-10-07,4.5
2011-10-10,4.5
2011-10-11,4.501
2011-10-12,4.501
2011-10-13,4.501
2011-10-14,4.501
2011-10-18,4.495
2011-10-19,4.493
2011-10-20,4.491
2011-10-21,4.493
2011-10-24,4.495
2011-10-25,4.495
2011-10-26,4.493
2011-10-27,4.49
2011-10-28,4.475
2011-10-31,4.455
2011-11-01,4.41
2011-11-02,4.398
2011-11-03,4.388
2011-11-04,4.378
2011-11-08,4.395
2011-11-09,4.43
2011-11-10,4.465
2011-11-11,4.5
2011-11-15,4.5
2011-11-16,4.475
2011-11-17,4.45
2011-11-18,4.424
2011-11-21,4.423
2011-11-22,4.428
2011-11-23,4.458
2011-11-24,4.4
2011-11-25,4.405
2011-11-28,4.618
2011-11-29,4.618
2011-11-30,4.61
2011-12-01,4.626
2011-12-02,4.626
2011-12-05,4.626
2011-12-06,4.628
2011-12-07,4.633
2011-12-09,4.62
2011-12-12,4.618
2011-12-13,4.608
2011-12-14,4.623
2011-12-15,4.615
2011-12-16,4.62
2011-12-19,4.626
2011-12-20,4.623
2011-12-21,4.63
2011-12-22,4.628
2011-12-23,4.631
2011-12-26,4.628
2011-12-27,4.605
2011-12-28,4.635
2011-12-29,4.643
2012-01-02,4.63
2012-01-03,4.6
2012-01-04,4.58
2012-01-05,4.585
2012-01-06,4.58
2012-01-10,4.58
2012-01-11,4.58
2012-01-12,4.58
2012-01-13,4.58
2012-01-16,4.576
2012-01-17,4.576
2012-01-18,4.571
2012-01-19,4.568
2012-01-20,4.567
2012-01-23,4.569
2012-01-24,4.574
2012-01-25,4.572
2012-01-26,4.572
2012-01-27,4.577
2012-01-30,4.574
2012-01-31,4.813
2012-02-01,4.813
2012-02-02,4.812
2012-02-03,4.812
2012-02-06,4.813
2012-02-07,4.818
2012-02-08,4.816
2012-02-09,4.819
2012-02-10,4.818
2012-02-13,4.82
2012-02-14,4.82
2012-02-15,4.82
2012-02-16,4.822
2012-02-17,4.822
2012-02-20,4.824
2012-02-21,4.825
2012-02-22,4.825
2012-02-23,4.825
2012-02-24,4.83
2012-02-27,5.045
2012-02-28,5.045
2012-02-29,5.041
2012-03-01,5.043
2012-03-02,5.039
2012-03-05,5.04
2012-03-06,5.043
2012-03-07,5.045
2012-03-08,5.048
2012-03-09,5.05
2012-03-12,5.049
2012-03-13,5.05
2012-03-14,5.049
2012-03-15,5.05
2012-03-16,5.052
2012-03-20,5.052
2012-03-21,5.051
2012-03-22,5.051
2012-03-23,5.053
2012-03-26,5.052
2012-03-27,5.052
2012-03-28,5.051
2012-03-29,5.049
2012-03-30,5.048
2012-04-02,5.05
2012-04-03,5.05
2012-04-04,5.05
2012-04-09,5.05
2012-04-10,5.048
2012-04-11,5.049
2012-04-12,5.048
2012-04-13,5.046
2012-04-16,5.048
2012-04-17,5.049
2012-04-18,5.051
2012-04-19,5.053
2012-04-20,5.056
2012-04-23,5.058
2012-04-24,5.059
2012-04-25,5.061
2012-04-26,5.059
2012-04-27,5.059
2012-04-30,5.057
2012-05-02,5.059
2012-05-03,5.06
2012-05-04,5.059
2012-05-07,5.062
2012-05-08,5.063
2012-05-09,5.064
2012-05-10,5.064
2012-05-11,5.066
2012-05-14,5.068
2012-05-15,5.069
2012-05-16,5.065
2012-05-17,5.065
2012-05-18,5.065
2012-05-22,5.066
2012-05-23,5.068
2012-05-24,5.069
2012-05-25,5.069
2012-05-28,5.07
2012-05-29,5.07
2012-05-30,5.071
2012-05-31,5.072
2012-06-01,5.074
2012-06-04,5.076
2012-06-05,5.079
2012-06-06,5.082
2012-06-07,5.089
2012-06-08,5.094
2012-06-12,5.096
2012-06-13,5.1
2012-06-14,5.106
2012-06-15,5.113
2012-06-19,5.105
2012-06-20,5.103
2012-06-21,5.094
2012-06-22,5.1
2012-06-25,5.108
2012-06-26,5.114
2012-06-27,5.103
2012-06-28,5.093
2012-06-29,5.11
2012-07-03,5.103
2012-07-04,5.115
2012-07-05,5.122
2012-07-06,5.15
2012-07-09,5.158
2012-07-10,5.185
2012-07-11,5.199
2012-07-12,5.212
2012-07-13,5.23
2012-07-16,5.235
2012-07-17,5.238
2012-07-18,5.24
2012-07-19,5.242
2012-07-23,5.24
2012-07-24,5.243
2012-07-25,5.2
2012-07-26,5.225
2012-07-27,5.255
2012-07-30,5.05
2012-07-31,5.055
2012-08-01,5.0
2012-08-02,5.05
2012-08-03,5.05
2012-08-06,5.055
2012-08-08,5.055
2012-08-09,5.054
2012-08-10,5.038
2012-08-13,5.048
2012-08-14,5.05
2012-08-15,5.045
2012-08-16,4.99
2012-08-17,4.938
2012-08-21,4.89
2012-08-22,4.9
2012-08-23,4.908
2012-08-24,4.92
2012-08-27,4.693
2012-08-28,4.695
2012-08-29,4.68
2012-08-30,4.64
2012-08-31,4.618
2012-09-03,4.597
2012-09-04,4.594
2012-09-05,4.597
2012-09-06,4.6
2012-09-07,4.608
2012-09-10,4.603
2012-09-11,4.6
2012-09-12,4.6
2012-09-13,4.6
2012-09-14,4.595
2012-09-17,4.587
2012-09-18,4.583
2012-09-19,4.591
2012-09-20,4.6
2012-09-21,4.602
2012-09-24,4.605
2012-09-25,4.604
2012-09-26,4.603
2012-09-27,4.602
2012-09-28,4.603
2012-10-01,4.603
2012-10-02,4.581
2012-10-03,4.588
2012-10-04,4.6
2012-10-05,4.599
2012-10-08,4.602
2012-10-09,4.604
2012-10-10,4.606
2012-10-11,4.604
2012-10-12,4.599
2012-10-16,4.602
2012-10-17,4.606
2012-10-18,4.611
2012-10-19,4.619
2012-10-22,4.62
2012-10-23,4.621
2012-10-24,4.612
2012-10-25,4.605
2012-10-26,4.583
2012-10-29,4.583
2012-10-30,4.565
2012-10-31,4.57
2012-11-01,4.57
2012-11-02,4.588
2012-11-06,4.585
2012-11-07,4.581
2012-11-08,4.57
2012-11-09,4.555
2012-11-13,4.539
2012-11-14,4.538
2012-11-15,4.538
2012-11-16,4.57
2012-11-19,4.58
2012-11-20,4.582
2012-11-21,4.582
2012-11-22,4.579
2012-11-23,4.573
2012-11-26,4.342
2012-11-27,4.346
2012-11-28,4.341
2012-11-29,4.343
2012-11-30,4.343
2012-12-03,4.355
2012-12-04,4.362
2012-12-05,4.365
2012-12-06,4.367
2012-12-07,4.372
2012-12-10,4.372
2012-12-11,4.369
2012-12-12,4.372
2012-12-13,4.373
2012-12-14,4.372
2012-12-17,4.372
2012-12-18,4.37
2012-12-19,4.372
2012-12-20,4.369
2012-12-21,4.356
2012-12-24,4.128
2012-12-26,4.108
2012-12-27,4.105
2012-12-28,4.1
2013-01-02,4.083
2013-01-03,4.093
2013-01-04,4.079
2013-01-08,4.074
2013-01-09,4.074
2013-01-10,4.073
2013-01-11,4.071
2013-01-14,4.075
2013-01-15,4.074
2013-01-16,4.073
2013-01-17,4.079
2013-01-18,4.077
2013-01-21,4.075
2013-01-22,4.07
2013-01-23,4.073
2013-01-24,4.072
2013-01-25,4.074
2013-01-28,4.074
2013-01-29,3.88
2013-01-30,3.865
2013-01-31,3.845
2013-02-01,3.838
2013-02-04,3.855
2013-02-05,3.863
2013-02-06,3.865
2013-02-07,3.865
2013-02-08,3.873
2013-02-11,3.878
2013-02-12,3.878
2013-02-13,3.87
2013-02-14,3.861
2013-02-15,3.858
2013-02-18,3.855
2013-02-19,3.852
2013-02-20,3.847
2013-02-21,3.85
2013-02-22,3.853
2013-02-25,3.63
2013-02-26,3.633
2013-02-27,3.633
2013-02-28,3.629
2013-03-01,3.625
2013-03-04,3.615
2013-03-05,3.618
2013-03-06,3.633
2013-03-07,3.639
2013-03-08,3.636
2013-03-11,3.636
2013-03-12,3.623
2013-03-13,3.621
2013-03-14,3.626
2013-03-15,3.619
2013-03-18,3.626
2013-03-19,3.626
2013-03-20,3.599
2013-03-21,3.586
2013-03-22,3.582
2013-03-26,3.133
2013-03-27,3.109
2013-04-01,3.09
2013-04-02,3.072
2013-04-03,3.063
2013-04-04,3.054
2013-04-05,3.051
2013-04-08,3.051
2013-04-09,3.04
2013-04-10,3.046
2013-04-11,3.04
2013-04-12,3.033
2013-04-15,3.053
2013-04-16,3.073
2013-04-17,3.077
2013-04-18,3.081
2013-04-19,3.079
2013-04-22,3.089
2013-04-23,3.068
2013-04-24,3.059
2013-04-25,3.054
2013-04-26,3.04
2013-04-29,3.035
2013-04-30,3.023
2013-05-02,3.035
2013-05-03,3.04
2013-05-06,3.023
2013-05-07,3.059
2013-05-08,3.09
2013-05-09,3.125
2013-05-10,3.13
2013-05-14,3.105
2013-05-15,3.095
2013-05-16,3.105
2013-05-17,3.108
2013-05-20,3.121
2013-05-21,3.125
2013-05-22,3.128
2013-05-23,3.134
2013-05-24,3.128
2013-05-27,3.118
2013-05-28,3.102
2013-05-29,3.096
2013-05-30,3.092
2013-05-31,3.088
2013-06-04,3.083
2013-06-05,3.087
2013-06-06,3.088
2013-06-07,3.091
2013-06-11,3.073
2013-06-12,3.079
2013-06-13,3.086
2013-06-14,3.09
2013-06-17,3.087
2013-06-18,3.075
2013-06-19,3.069
2013-06-20,3.058
2013-06-21,3.051
2013-06-24,3.04
2013-06-25,3.035
2013-06-26,3.038
2013-06-27,3.06
2013-06-28,3.07
2013-07-02,3.075
2013-07-03,3.067
2013-07-04,3.064
2013-07-05,3.06
2013-07-08,3.07
2013-07-09,3.064
2013-07-10,3.055
2013-07-11,3.055
2013-07-12,3.053
2013-07-15,3.048
2013-07-16,3.048
2013-07-17,3.054
2013-07-18,3.074
2013-07-19,3.122
2013-07-22,3.152
2013-07-23,3.155
2013-07-24,3.156
2013-07-25,3.156
2013-07-26,3.157
2013-07-29,3.161
2013-07-30,3.157
2013-07-31,3.155
2013-08-01,3.153
2013-08-02,3.153
2013-08-05,3.153
2013-08-06,3.153
2013-08-08,3.156
2013-08-09,3.164
2013-08-12,3.16
2013-08-13,3.158
2013-08-14,3.158
2013-08-15,3.159
2013-08-16,3.156
2013-08-20,3.16
2013-08-21,3.165
2013-08-22,3.171
2013-08-23,3.168
2013-08-26,3.17
2013-08-27,3.169
2013-08-28,3.165
2013-08-29,3.166
2013-08-30,3.166
2013-09-02,3.159
2013-09-03,3.152
2013-09-04,3.153
2013-09-05,3.16
2013-09-06,3.165
2013-09-09,3.163
2013-09-10,3.163
2013-09-11,3.163
2013-09-12,3.16
2013-09-13,3.163
2013-09-16,3.164
2013-09-17,3.163
2013-09-18,3.172
2013-09-19,3.174
2013-09-20,3.174
2013-09-23,3.182
2013-09-24,3.178
2013-09-25,3.18
2013-09-26,3.187
2013-09-27,3.184
2013-09-30,3.18
2013-10-01,3.166
2013-10-02,3.165
2013-10-03,3.17
2013-10-04,3.176
2013-10-07,3.173
2013-10-08,3.171
2013-10-09,3.169
2013-10-10,3.16
2013-10-11,3.157
2013-10-15,3.158
2013-10-16,3.159
2013-10-17,3.165
2013-10-18,3.168
2013-10-21,3.167
2013-10-22,3.163
2013-10-23,3.162
2013-10-24,3.161
2013-10-25,3.163
2013-10-28,3.16
2013-10-29,3.152
2013-10-30,3.153
2013-10-31,3.158
2013-11-01,3.158
2013-11-05,3.161
2013-11-06,3.166
2013-11-07,3.169
2013-11-08,3.163
2013-11-12,3.166
2013-11-13,3.167
2013-11-14,3.16
2013-11-15,3.164
2013-11-18,3.154
2013-11-19,3.152
2013-11-20,3.15
2013-11-21,3.153
2013-11-22,3.144
2013-11-25,3.133
2013-11-26,3.118
2013-11-27,3.133
2013-11-28,3.111
2013-11-29,3.1
2013-12-02,3.088
2013-12-03,3.1
2013-12-04,3.095
2013-12-05,3.095
2013-12-06,3.1
2013-12-09,3.121
2013-12-10,3.14
2013-12-11,3.133
2013-12-12,3.12
2013-12-13,3.133
2013-12-16,3.143
2013-12-17,3.147
2013-12-18,3.148
2013-12-19,3.15
2013-12-20,3.147
2013-12-23,3.155
2013-12-24,3.111
2013-12-26,3.125
2013-12-27,3.148
2013-12-30,3.13
2014-01-02,3.125
2014-01-03,3.14
2014-01-07,3.129
2014-01-08,3.121
2014-01-09,3.13
2014-01-10,3.143
2014-01-13,3.151
2014-01-14,3.15
2014-01-15,3.145
2014-01-16,3.14
2014-01-17,3.139
2014-01-20,3.13
2014-01-21,3.123
2014-01-22,3.125
2014-01-23,3.127
2014-01-24,3.139
2014-01-27,3.143
2014-01-28,3.152
2014-01-29,3.143
2014-01-30,3.144
2014-01-31,3.147
2014-02-03,3.157
2014-02-04,3.158
2014-02-05,3.155
2014-02-06,3.157
2014-02-07,3.156
2014-02-10,3.158
2014-02-11,3.163
2014-02-12,3.16
2014-02-13,3.159
2014-02-14,3.155
2014-02-17,3.152
2014-02-18,3.14
2014-02-19,3.143
2014-02-20,3.155
2014-02-21,3.148
2014-02-24,3.15
2014-02-25,3.153
2014-02-26,3.15
2014-02-27,3.14
2014-02-28,3.135
2014-03-03,3.125
2014-03-04,3.108
2014-03-05,3.106
2014-03-06,3.088
2014-03-07,3.08
2014-03-10,3.068
2014-03-11,3.06
2014-03-12,3.055
2014-03-13,3.052
2014-03-14,3.049
2014-03-17,3.052
2014-03-18,3.04
2014-03-19,3.038
2014-03-20,3.044
2014-03-21,3.04
2014-03-25,3.038
2014-03-26,3.04
2014-03-27,3.041
2014-03-28,3.042
2014-03-31,3.056
2014-04-01,3.056
2014-04-02,3.063
2014-04-03,3.067
2014-04-04,3.063
2014-04-07,3.072
2014-04-08,3.083
2014-04-09,3.095
2014-04-10,3.104
2014-04-11,3.12
2014-04-14,3.126
2014-04-15,3.128
2014-04-16,3.14
2014-04-21,3.136
2014-04-22,3.135
2014-04-23,3.143
2014-04-24,3.138
2014-04-25,3.142
2014-04-28,3.386
2014-04-29,3.373
2014-04-30,3.373
2014-05-02,3.391
2014-05-05,3.397
2014-05-06,3.397
2014-05-07,3.404
2014-05-08,3.399
2014-05-09,3.401
2014-05-12,3.4
2014-05-13,3.4
2014-05-14,3.394
2014-05-15,3.361
2014-05-16,3.348
2014-05-19,3.341
2014-05-20,3.33
2014-05-21,3.323
2014-05-22,3.316
2014-05-23,3.297
2014-05-26,3.285
2014-05-27,3.271
2014-05-28,3.298
2014-05-29,3.29
2014-05-30,3.322
2014-06-03,3.612
2014-06-04,3.62
2014-06-05,3.617
2014-06-06,3.632
2014-06-09,3.643
2014-06-10,3.623
2014-06-11,3.601
2014-06-12,3.59
2014-06-13,3.587
2014-06-16,3.59
2014-06-17,3.59
2014-06-18,3.586
2014-06-19,3.591
2014-06-20,3.586
2014-06-24,3.868
2014-06-25,3.89
2014-06-26,3.896
2014-06-27,3.891
2014-07-01,3.888
2014-07-02,3.885
2014-07-03,3.883
2014-07-04,3.877
2014-07-07,3.87
2014-07-08,3.857
2014-07-09,3.845
2014-07-10,3.82
2014-07-11,3.803
2014-07-14,3.79
2014-07-15,3.773
2014-07-16,3.745
2014-07-17,3.73
2014-07-18,3.725
2014-07-21,3.725
2014-07-22,3.748
2014-07-23,3.748
2014-07-24,3.754
2014-07-25,3.743
2014-07-28,3.743
2014-07-29,3.745
2014-07-30,3.74
2014-07-31,3.73
2014-08-01,4.005
2014-08-04,3.995
2014-08-05,3.936
2014-08-06,3.928
2014-08-08,3.92
2014-08-11,3.923
2014-08-12,3.915
2014-08-13,3.94
2014-08-14,3.93
2014-08-15,3.965
2014-08-19,3.99
2014-08-20,4.0
2014-08-21,3.997
2014-08-22,4.002
2014-08-25,3.994
2014-08-26,3.992
2014-08-27,3.993
2014-08-28,3.993
2014-08-29,3.981
2014-09-01,4.283
2014-09-02,4.262
2014-09-03,4.26
2014-09-04,4.258
2014-09-05,4.267
2014-09-08,4.273
2014-09-09,4.29
2014-09-10,4.298
2014-09-11,4.3
2014-09-12,4.303
2014-09-15,4.274
2014-09-16,4.21
2014-09-17,4.183
2014-09-18,4.148
2014-09-19,4.17
2014-09-22,4.19
2014-09-23,4.225
2014-09-24,4.263
2014-09-25,4.285
2014-09-26,4.301
2014-09-29,4.313
2014-09-30,4.28
2014-10-01,4.29
2014-10-02,4.303
2014-10-03,4.316
2014-10-06,4.323
2014-10-07,4.333
2014-10-08,4.336
2014-10-09,4.329
2014-10-10,4.334
2014-10-14,4.341
2014-10-15,4.341
2014-10-16,4.339
2014-10-17,4.334
2014-10-20,4.34
2014-10-21,4.339
2014-10-22,4.34
2014-10-23,4.34
2014-10-24,4.34
2014-10-27,4.34
2014-10-28,4.34
2014-10-29,4.34
2014-10-30,4.339
2014-10-31,4.33
2014-11-04,4.339
2014-11-05,4.342
2014-11-06,4.342
2014-11-07,4.342
2014-11-10,4.347
2014-11-11,4.344
2014-11-12,4.342
2014-11-13,4.342
2014-11-14,4.342
2014-11-18,4.344
2014-11-19,4.343
2014-11-20,4.344
2014-11-21,4.345
2014-11-24,4.344
2014-11-25,4.342
2014-11-26,4.343
2014-11-27,4.344
2014-11-28,4.344
2014-12-01,4.344
2014-12-02,4.343
2014-12-03,4.341
2014-12-04,4.343
2014-12-05,4.345
2014-12-09,4.347
2014-12-10,4.349
2014-12-11,4.346
2014-12-12,4.347
2014-12-15,4.347
2014-12-16,4.349
2014-12-17,4.351
2014-12-18,4.348
2014-12-19,4.349
2014-12-22,4.352
2014-12-23,4.36
2014-12-24,4.355
2014-12-26,4.343
2014-12-29,4.351
2014-12-30,4.358
2015-01-02,4.36
2015-01-05,4.362
2015-01-06,4.363
2015-01-07,4.364
2015-01-08,4.365
2015-01-09,4.358
2015-01-13,4.361
2015-01-14,4.363
2015-01-15,4.358
2015-01-16,4.35
2015-01-19,4.358
2015-01-20,4.364
2015-01-21,4.364
2015-01-22,4.357
2015-01-23,4.364
2015-01-26,4.367
2015-01-27,4.37
2015-01-28,4.372
2015-01-29,4.373
2015-01-30,4.376
2015-02-02,4.365
2015-02-03,4.363
2015-02-04,4.371
2015-02-05,4.375
2015-02-06,4.37
2015-02-09,4.365
2015-02-10,4.365
2015-02-11,4.365
2015-02-12,4.363
2015-02-13,4.359
2015-02-16,4.351
2015-02-17,4.344
2015-02-18,4.347
2015-02-19,4.349
2015-02-20,4.35
2015-02-23,4.348
2015-02-24,4.344
2015-02-25,4.341
2015-02-26,4.341
2015-02-27,4.334
2015-03-02,4.331
2015-03-03,4.32
2015-03-04,4.33
2015-03-05,4.335
2015-03-06,4.335
2015-03-09,4.342
2015-03-10,4.342
2015-03-11,4.342
2015-03-12,4.34
2015-03-13,4.34
2015-03-16,4.34
2015-03-17,4.342
2015-03-18,4.342
2015-03-19,4.342
2015-03-20,4.345
2015-03-24,4.346
2015-03-25,4.349
2015-03-26,4.351
2015-03-27,4.353
2015-03-30,4.355
2015-03-31,4.358
2015-04-01,4.36
2015-04-06,4.362
2015-04-07,4.364
2015-04-08,4.364
2015-04-09,4.362
2015-04-10,4.361
2015-04-13,4.35
2015-04-14,4.345
2015-04-15,4.345
2015-04-16,4.344
2015-04-17,4.346
2015-04-20,4.349
2015-04-21,4.347
2015-04-22,4.348
2015-04-23,4.348
2015-04-24,4.353
2015-04-27,4.354
2015-04-28,4.361
2015-04-29,4.364
2015-04-30,4.374
2015-05-04,4.363
2015-05-05,4.364
2015-05-06,4.353
2015-05-07,4.348
2015-05-08,4.351
2015-05-11,4.356
2015-05-12,4.347
2015-05-13,4.345
2015-05-14,4.346
2015-05-15,4.353
2015-05-19,4.353
2015-05-20,4.354
2015-05-21,4.349
2015-05-22,4.351
2015-05-25,4.346
2015-05-26,4.348
2015-05-27,4.351
2015-05-28,4.352
2015-05-29,4.35
2015-06-01,4.352
2015-06-02,4.356
2015-06-03,4.358
2015-06-04,4.346
2015-06-05,4.341
2015-06-09,4.344
2015-06-10,4.344
2015-06-11,4.346
2015-06-12,4.35
2015-06-16,4.344
2015-06-17,4.341
2015-06-18,4.341
2015-06-19,4.341
2015-06-22,4.351
2015-06-23,4.354
2015-06-24,4.35
2015-06-25,4.355
2015-06-26,4.36
2015-06-30,4.361
2015-07-01,4.363
2015-07-02,4.367
2015-07-03,4.37
2015-07-06,4.373
2015-07-07,4.358
2015-07-08,4.358
2015-07-09,4.366
2015-07-10,4.364
2015-07-13,4.365
2015-07-14,4.362
2015-07-15,4.363
2015-07-16,4.366
2015-07-17,4.369
2015-07-21,4.372
2015-07-22,4.372
2015-07-23,4.373
2015-07-24,4.377
2015-07-27,4.379
2015-07-28,4.38
2015-07-29,4.376
2015-07-30,4.371
2015-07-31,4.369
2015-08-03,4.37
2015-08-04,4.372
2015-08-05,4.368
2015-08-06,4.367
2015-08-10,4.365
2015-08-11,4.363
2015-08-12,4.359
2015-08-13,4.356
2015-08-14,4.353
2015-08-18,4.347
2015-08-19,4.346
2015-08-20,4.352
2015-08-21,4.355
2015-08-24,4.36
2015-08-25,4.364
2015-08-26,4.363
2015-08-27,4.365
2015-08-28,4.359
2015-08-31,4.356
2015-09-01,4.345
2015-09-02,4.349
2015-09-03,4.351
2015-09-04,4.352
2015-09-07,4.353
2015-09-08,4.356
2015-09-09,4.358
2015-09-10,4.359
2015-09-11,4.361
2015-09-14,4.363
2015-09-15,4.363
2015-09-16,4.361
2015-09-17,4.363
2015-09-18,4.364
2015-09-21,4.365
2015-09-22,4.364
2015-09-23,4.363
2015-09-24,4.363
2015-09-25,4.365
2015-09-28,4.595
2015-09-29,4.6
2015-09-30,4.608
2015-10-01,4.613
2015-10-02,4.62
2015-10-05,4.626
2015-10-06,4.636
2015-10-07,4.642
2015-10-08,4.647
2015-10-09,4.663
2015-10-13,4.678
2015-10-14,4.675
2015-10-15,4.73
2015-10-16,4.745
2015-10-19,4.735
2015-10-20,4.73
2015-10-21,4.715
2015-10-22,4.707
2015-10-23,4.705
2015-10-26,4.648
2015-10-27,4.611
2015-10-28,4.595
2015-10-29,4.58
2015-10-30,4.555
2015-11-03,5.044
2015-11-04,5.006
2015-11-05,4.993
2015-11-06,4.969
2015-11-09,4.954
2015-11-10,4.939
2015-11-11,4.93
2015-11-12,4.923
2015-11-13,4.905
2015-11-17,4.895
2015-11-18,4.9
2015-11-19,4.913
2015-11-20,4.918
2015-11-23,4.928
2015-11-24,4.916
2015-11-25,4.913
2015-11-26,4.914
2015-11-27,4.934
2015-11-30,5.245
2015-12-01,5.225
2015-12-02,5.26
2015-12-03,5.265
2015-12-04,5.269
2015-12-07,5.27
2015-12-09,5.275
2015-12-10,5.278
2015-12-11,5.285
2015-12-14,5.284
2015-12-15,5.295
2015-12-16,5.298
2015-12-17,5.304
2015-12-18,5.313
2015-12-21,5.52
2015-12-22,5.526
2015-12-23,5.525
2015-12-24,5.536
2015-12-28,5.53
2015-12-29,5.538
2015-12-30,5.549
2016-01-04,5.548
2016-01-05,5.539
2016-01-06,5.541
2016-01-07,5.542
2016-01-08,5.544
2016-01-12,5.548
2016-01-13,5.541
2016-01-14,5.541
2016-01-15,5.543
2016-01-18,5.546
2016-01-19,5.534
2016-01-20,5.54
2016-01-21,5.543
2016-01-22,5.542
2016-01-25,5.545
2016-01-26,5.544
2016-01-27,5.537
2016-01-28,5.54
2016-01-29,5.533
2016-02-01,5.749
2016-02-02,5.738
2016-02-03,5.748
2016-02-04,5.749
2016-02-05,5.753
2016-02-08,5.753
2016-02-09,5.754
2016-02-10,5.755
2016-02-11,5.753
2016-02-12,5.751
2016-02-15,5.758
2016-02-16,5.742
2016-02-17,5.754
2016-02-18,5.75
2016-02-19,5.755
2016-02-22,5.99
2016-02-23,5.98
2016-02-24,5.977
2016-02-25,5.977
2016-02-26,5.98
2016-02-29,5.977
2016-03-01,5.968
2016-03-02,5.977
2016-03-03,5.976
2016-03-04,5.982
2016-03-07,5.979
2016-03-08,5.977
2016-03-09,5.98
2016-03-10,5.983
2016-03-11,5.981
2016-03-14,5.979
2016-03-15,5.965
2016-03-16,5.975
2016-03-17,5.979
2016-03-18,5.981
2016-03-22,6.214
2016-03-23,6.211
2016-03-28,6.212
2016-03-29,6.208
2016-03-30,6.218
2016-03-31,6.216
2016-04-01,6.212
2016-04-04,6.212
2016-04-05,6.212
2016-04-06,6.214
2016-04-07,6.215
2016-04-08,6.214
2016-04-11,6.211
2016-04-12,6.209
2016-04-13,6.211
2016-04-14,6.211
2016-04-15,6.211
2016-04-18,6.207
2016-04-19,6.207
2016-04-20,6.207
2016-04-21,6.206
2016-04-22,6.211
2016-04-25,6.211
2016-04-26,6.202
2016-04-27,6.214
2016-04-28,6.216
2016-04-29,6.217
2016-05-02,6.674
2016-05-03,6.675
2016-05-04,6.675
2016-05-05,6.675
2016-05-06,6.675
2016-05-10,6.661
2016-05-11,6.672
2016-05-12,6.677
2016-05-13,6.679
2016-05-16,6.677
2016-05-17,6.677
2016-05-18,6.68
2016-05-19,6.681
2016-05-20,6.682
2016-05-23,6.691
2016-05-24,6.679
2016-05-25,6.699
2016-05-26,6.708
2016-05-27,6.718
2016-05-31,6.907
2016-06-01,6.913
2016-06-02,6.918
2016-06-03,6.914
2016-06-07,6.913
2016-06-08,6.916
2016-06-09,6.919
2016-06-10,6.92
2016-06-13,6.922
2016-06-14,6.914
2016-06-15,6.906
2016-06-16,6.904
2016-06-17,6.905
2016-06-20,6.912
2016-06-21,6.92
2016-06-22,6.923
2016-06-23,7.132
2016-06-24,7.14
2016-06-27,7.138
2016-06-28,7.134
2016-06-29,7.132
2016-06-30,7.134
2016-07-01,7.129
2016-07-05,7.125
2016-07-06,7.128
2016-07-07,7.127
2016-07-08,7.124
2016-07-11,7.117
2016-07-12,7.113
2016-07-13,7.113
2016-07-14,7.105
2016-07-15,7.096
2016-07-18,7.087
2016-07-19,7.088
2016-07-21,7.089
2016-07-22,7.083
2016-07-25,7.088
2016-07-26,7.089
2016-07-27,7.083
2016-07-28,7.081
2016-07-29,7.07
2016-08-01,7.35
2016-08-02,7.339
2016-08-03,7.356
2016-08-04,7.363
2016-08-05,7.37
2016-08-08,7.374
2016-08-09,7.376
2016-08-10,7.378
2016-08-11,7.379
2016-08-12,7.382
2016-08-16,7.394
2016-08-17,7.39
2016-08-18,7.39
2016-08-19,7.392
2016-08-22,7.394
2016-08-23,7.398
2016-08-24,7.396
2016-08-25,7.394
2016-08-26,7.386
2016-08-29,7.377
2016-08-30,7.362
2016-08-31,7.363
2016-09-01,7.36
2016-09-02,7.365
2016-09-05,7.37
2016-09-06,7.369
2016-09-07,7.363
2016-09-08,7.364
2016-09-09,7.372
2016-09-12,7.379
2016-09-13,7.369
2016-09-14,7.372
2016-09-15,7.366
2016-09-16,7.367
2016-09-19,7.368
2016-09-20,7.368
2016-09-21,7.371
2016-09-22,7.374
2016-09-23,7.369
2016-09-26,7.373
2016-09-27,7.368
2016-09-28,7.365
2016-09-29,7.364
2016-09-30,7.363
2016-10-03,7.363
2016-10-04,7.371
2016-10-05,7.372
2016-10-06,7.367
2016-10-07,7.363
2016-10-10,7.363
2016-10-11,7.36
2016-10-12,7.359
2016-10-13,7.362
2016-10-14,7.363
2016-10-18,7.367
2016-10-19,7.371
2016-10-20,7.374
2016-10-21,7.375
2016-10-24,7.368
2016-10-25,7.364
2016-10-26,7.361
2016-10-27,7.361
2016-10-28,7.361
2016-10-31,7.363
2016-11-01,7.363
2016-11-02,7.362
2016-11-03,7.36
2016-11-04,7.357
2016-11-08,7.362
2016-11-09,7.362
2016-11-10,7.361
2016-11-11,7.361
2016-11-15,7.361
2016-11-16,7.359
2016-11-17,7.358
2016-11-18,7.36
2016-11-21,7.363
2016-11-22,7.358
2016-11-23,7.362
2016-11-24,7.364
2016-11-25,7.362
2016-11-28,7.364
2016-11-29,7.362
2016-11-30,7.363
2016-12-01,7.363
2016-12-02,7.362
2016-12-05,7.362
2016-12-06,7.364
2016-12-07,7.363
2016-12-09,7.363
2016-12-12,7.366
2016-12-13,7.366
2016-12-14,7.366
2016-12-15,7.365
2016-12-16,7.363
2016-12-19,7.134
2016-12-20,7.135
2016-12-21,7.134
2016-12-22,7.134
2016-12-23,7.137
2016-12-26,7.136
2016-12-27,7.136
2016-12-28,7.134
2016-12-29,7.139
2017-01-02,7.132
2017-01-03,7.128
2017-01-04,7.134
2017-01-05,7.137
2017-01-06,7.141
2017-01-10,7.142
2017-01-11,7.141
2017-01-12,7.14
2017-01-13,7.135
2017-01-16,7.135
2017-01-17,7.134
2017-01-18,7.136
2017-01-19,7.136
2017-01-20,7.139
2017-01-23,7.138
2017-01-24,7.137
2017-01-25,7.137
2017-01-26,7.136
2017-01-27,7.135
2017-01-30,7.134
2017-01-31,7.135
2017-02-01,7.134
2017-02-02,7.135
2017-02-03,7.135
2017-02-06,7.137
2017-02-07,7.137
2017-02-08,7.138
2017-02-09,7.137
2017-02-10,7.138
2017-02-13,7.137
2017-02-14,7.136
2017-02-15,7.136
2017-02-16,7.136
2017-02-17,7.136
2017-02-20,7.137
2017-02-21,7.136
2017-02-22,7.137
2017-02-23,7.135
2017-02-24,7.134
2017-02-27,6.9
2017-02-28,6.857
2017-03-01,6.888
2017-03-02,6.901
2017-03-03,6.904
2017-03-06,6.904
2017-03-07,6.904
2017-03-08,6.904
2017-03-09,6.905
2017-03-10,6.907
2017-03-13,6.908
2017-03-14,6.905
2017-03-15,6.904
2017-03-16,6.903
2017-03-17,6.904
2017-03-21,6.903
2017-03-22,6.903
2017-03-23,6.904
2017-03-24,6.904
2017-03-27,6.676
2017-03-28,6.674
2017-03-29,6.674
2017-03-30,6.672
2017-03-31,6.675
2017-04-03,6.674
2017-04-04,6.676
2017-04-05,6.675
2017-04-06,6.674
2017-04-07,6.672
2017-04-10,6.67
2017-04-11,6.668
2017-04-12,6.672
2017-04-17,6.668
2017-04-18,6.668
2017-04-19,6.667
2017-04-20,6.666
2017-04-21,6.663
2017-04-24,6.661
2017-04-25,6.655
2017-04-26,6.655
2017-04-27,6.655
2017-04-28,6.647
2017-05-02,6.209
2017-05-03,6.21
2017-05-04,6.211
2017-05-05,6.214
2017-05-08,6.22
2017-05-09,6.225
2017-05-10,6.218
2017-05-11,6.214
2017-05-12,6.217
2017-05-15,6.218
2017-05-16,6.22
2017-05-17,6.218
2017-05-18,6.22
2017-05-19,6.222
2017-05-22,6.22
2017-05-23,6.22
2017-05-24,6.217
2017-05-25,6.217
2017-05-26,6.22
2017-05-30,5.985
2017-05-31,5.989
2017-06-01,5.988
2017-06-02,5.989
2017-06-05,5.989
2017-06-06,5.983
2017-06-07,5.984
2017-06-08,5.982
2017-06-09,5.984
2017-06-12,5.984
2017-06-13,5.982
2017-06-14,5.981
2017-06-15,5.979
2017-06-16,5.98
2017-06-20,5.98
2017-06-21,5.981
2017-06-22,5.983
2017-06-23,5.987
2017-06-27,5.988
2017-06-28,5.986
2017-06-29,5.982
2017-06-30,5.983
2017-07-04,5.513
2017-07-05,5.514
2017-07-06,5.515
2017-07-07,5.519
2017-07-10,5.518
2017-07-11,5.521
2017-07-12,5.522
2017-07-13,5.521
2017-07-14,5.522
2017-07-17,5.519
2017-07-18,5.518
2017-07-19,5.519
2017-07-21,5.519
2017-07-24,5.519
2017-07-25,5.519
2017-07-26,5.518
2017-07-27,5.512
2017-07-28,5.282
2017-07-31,5.271
2017-08-01,5.281
2017-08-02,5.282
2017-08-03,5.284
2017-08-04,5.285
2017-08-08,5.285
2017-08-09,5.288
2017-08-10,5.29
2017-08-11,5.294
2017-08-14,5.295
2017-08-15,5.305
2017-08-16,5.308
2017-08-17,5.308
2017-08-18,5.317
2017-08-22,5.318
2017-08-23,5.32
2017-08-24,5.325
2017-08-25,5.324
2017-08-28,5.329
2017-08-29,5.329
2017-08-30,5.313
2017-08-31,5.297
2017-09-01,5.058
2017-09-04,5.056
2017-09-05,5.06
2017-09-06,5.063
2017-09-07,5.07
2017-09-08,5.074
2017-09-11,5.069
2017-09-12,5.047
2017-09-13,5.046
2017-09-14,5.047
2017-09-15,5.047
2017-09-18,5.048
2017-09-19,5.048
2017-09-20,5.052
2017-09-21,5.054
2017-09-22,5.055
2017-09-25,5.053
2017-09-26,5.049
2017-09-27,5.054
2017-09-28,5.058
2017-09-29,5.06
2017-10-02,5.066
2017-10-03,5.069
2017-10-04,5.071
2017-10-05,5.073
2017-10-06,5.073
2017-10-09,5.062
2017-10-10,5.064
2017-10-11,5.059
2017-10-12,5.062
2017-10-13,5.062
2017-10-17,5.065
2017-10-18,5.067
2017-10-19,5.069
2017-10-20,5.068
2017-10-23,5.066
2017-10-24,5.063
2017-10-25,5.063
2017-10-26,5.064
2017-10-27,5.063
2017-10-30,4.824
2017-10-31,4.83
2017-11-01,4.83
2017-11-02,4.832
2017-11-03,4.835
2017-11-07,4.834
2017-11-08,4.836
2017-11-09,4.837
2017-11-10,4.84
2017-11-14,4.841
2017-11-15,4.841
2017-11-16,4.841
2017-11-17,4.843
2017-11-20,4.839
2017-11-21,4.839
2017-11-22,4.831
2017-11-23,4.826
2017-11-24,4.826
2017-11-27,4.58
2017-11-28,4.582
2017-11-29,4.582
2017-11-30,4.58
2017-12-01,4.574
2017-12-04,4.579
2017-12-05,4.581
2017-12-06,4.582
2017-12-07,4.584
2017-12-11,4.579
2017-12-12,4.577
2017-12-13,4.571
2017-12-14,4.57
2017-12-15,4.564
2017-12-18,4.569
2017-12-19,4.567
2017-12-20,4.566
2017-12-21,4.559
2017-12-22,4.551
2017-12-26,4.548
2017-12-27,4.539
2017-12-28,4.52
2018-01-02,4.5
2018-01-03,4.52
2018-01-04,4.543
2018-01-05,4.543
2018-01-09,4.552
2018-01-10,4.557
2018-01-11,4.561
2018-01-12,4.566
2018-01-15,4.568
2018-01-16,4.568
2018-01-17,4.568
2018-01-18,4.572
2018-01-19,4.575
2018-01-22,4.577
2018-01-23,4.576
2018-01-24,4.576
2018-01-25,4.577
2018-01-26,4.578
2018-01-29,4.578
2018-01-30,4.341
2018-01-31,4.347
2018-02-01,4.352
2018-02-02,4.356
2018-02-05,4.358
2018-02-06,4.355
2018-02-07,4.35
2018-02-08,4.345
2018-02-09,4.344
2018-02-12,4.344
2018-02-13,4.343
2018-02-14,4.343
2018-02-15,4.343
2018-02-16,4.343
2018-02-19,4.342
2018-02-20,4.344
2018-02-21,4.345
2018-02-22,4.347
2018-02-23,4.348
2018-02-26,4.347
2018-02-27,4.341
2018-02-28,4.341
2018-03-01,4.34
2018-03-02,4.342
2018-03-05,4.341
2018-03-06,4.341
2018-03-07,4.34
2018-03-08,4.339
2018-03-09,4.335
2018-03-12,4.331
2018-03-13,4.329
2018-03-14,4.327
2018-03-15,4.325
2018-03-16,4.324
2018-03-20,4.319
2018-03-21,4.319
2018-03-22,4.316
2018-03-23,4.315
2018-03-26,4.309
2018-03-27,4.293
2018-03-28,4.273
2018-04-02,4.272
2018-04-03,4.278
2018-04-04,4.283
2018-04-05,4.288
2018-04-06,4.279
2018-04-09,4.269
2018-04-10,4.262
2018-04-11,4.266
2018-04-12,4.268
2018-04-13,4.267
2018-04-16,4.267
2018-04-17,4.268
2018-04-18,4.269
2018-04-19,4.273
2018-04-20,4.278
2018-04-23,4.304
2018-04-24,4.342
2018-04-25,4.343
2018-04-26,4.344
2018-04-27,4.345
2018-04-30,4.113
2018-05-02,4.118
2018-05-03,4.121
2018-05-04,4.117
2018-05-07,4.105
2018-05-08,4.01
2018-05-09,4.062
2018-05-10,4.057
2018-05-11,4.061
2018-05-15,4.053
2018-05-16,4.071
2018-05-17,4.076
2018-05-18,4.081
2018-05-21,4.082
2018-05-22,4.089
2018-05-23,4.092
2018-05-24,4.099
2018-05-25,4.106
2018-05-28,4.108
2018-05-29,4.11
2018-05-30,4.113
2018-05-31,4.115
2018-06-01,4.122
2018-06-05,4.116
2018-06-06,4.114
2018-06-07,4.117
2018-06-08,4.118
2018-06-12,4.115
2018-06-13,4.111
2018-06-14,4.108
2018-06-15,4.104
2018-06-18,4.101
2018-06-19,4.098
2018-06-20,4.105
2018-06-21,4.107
2018-06-22,4.108
2018-06-25,4.112
2018-06-26,4.109
2018-06-27,4.107
2018-06-28,4.108
2018-06-29,4.106
2018-07-03,4.108
2018-07-04,4.107
2018-07-05,4.109
2018-07-06,4.113
2018-07-09,4.115
2018-07-10,4.114
2018-07-11,4.113
2018-07-12,4.113
2018-07-13,4.11
2018-07-16,4.11
2018-07-17,4.107
2018-07-18,4.106
2018-07-19,4.107
2018-07-23,4.108
2018-07-24,4.106
2018-07-25,4.105
2018-07-26,4.106
2018-07-27,4.105
2018-07-30,4.105
2018-07-31,4.105
2018-08-01,4.105
2018-08-02,4.106
2018-08-03,4.107
2018-08-06,4.108
2018-08-08,4.109
2018-08-09,4.109
2018-08-10,4.112
2018-08-13,4.108
2018-08-14,4.106
2018-08-15,4.105
2018-08-16,4.106
2018-08-17,4.106
2018-08-21,4.106
2018-08-22,4.106
2018-08-23,4.108
2018-08-24,4.114
2018-08-27,4.117
2018-08-28,4.107
2018-08-29,4.106
2018-08-30,4.105
2018-08-31,4.107
2018-09-03,4.109
2018-09-04,4.112
2018-09-05,4.108
2018-09-06,4.107
2018-09-07,4.108
2018-09-10,4.108
2018-09-11,4.098
2018-09-12,4.099
2018-09-13,4.1
2018-09-14,4.102
2018-09-17,4.103
2018-09-18,4.104
2018-09-19,4.107
2018-09-20,4.107
2018-09-21,4.106
2018-09-24,4.107
2018-09-25,4.105
2018-09-26,4.105
2018-09-27,4.105
2018-09-28,4.103
2018-10-01,4.105
2018-10-02,4.105
2018-10-03,4.106
2018-10-04,4.108
2018-10-05,4.111
2018-10-08,4.11
2018-10-09,4.113
2018-10-10,4.112
2018-10-11,4.112
2018-10-12,4.112
2018-10-16,4.114
2018-10-17,4.114
2018-10-18,4.113
2018-10-19,4.11
2018-10-22,4.111
2018-10-23,4.111
2018-10-24,4.11
2018-10-25,4.11
2018-10-26,4.108
2018-10-29,4.109
2018-10-30,4.11
2018-10-31,4.11
2018-11-01,4.11
2018-11-02,4.111
2018-11-06,4.111
2018-11-07,4.109
2018-11-08,4.108
2018-11-09,4.109
2018-11-13,4.107
2018-11-14,4.106
2018-11-15,4.106
2018-11-16,4.107
2018-11-19,4.108
2018-11-20,4.107
2018-11-21,4.106
2018-11-22,4.106
2018-11-23,4.104
2018-11-26,4.104
2018-11-27,4.102
2018-11-28,4.102
2018-11-29,4.105
2018-11-30,4.106
2018-12-03,4.106
2018-12-04,4.102
2018-12-05,4.105
2018-12-06,4.106
2018-12-07,4.104
2018-12-10,4.103
2018-12-11,4.103
2018-12-12,4.1
2018-12-13,4.093
2018-12-14,4.102
2018-12-17,4.094
2018-12-18,4.095
2018-12-19,4.099
2018-12-20,4.1
2018-12-21,4.1
2018-12-24,4.097
2018-12-26,4.098
2018-12-27,4.099
2018-12-28,4.099
2019-01-02,4.1
2019-01-03,4.1
2019-01-04,4.105
2019-01-08,4.108
2019-01-09,4.105
2019-01-10,4.105
2019-01-11,4.106
2019-01-14,4.106
2019-01-15,4.105
2019-01-16,4.105
2019-01-17,4.106
2019-01-18,4.107
2019-01-21,4.107
2019-01-22,4.108
2019-01-23,4.107
2019-01-24,4.107
2019-01-25,4.107
2019-01-28,4.107
2019-01-29,4.107
2019-01-30,4.107
2019-01-31,4.107
2019-02-01,4.106
2019-02-04,4.106
2019-02-05,4.107
2019-02-06,4.106
2019-02-07,4.11
2019-02-08,4.111
2019-02-11,4.11
2019-02-12,4.11
2019-02-13,4.109
2019-02-14,4.11
2019-02-15,4.109
2019-02-18,4.112
2019-02-19,4.115
2019-02-20,4.111
2019-02-21,4.108
2019-02-22,4.108
2019-02-25,4.109
2019-02-26,4.11
2019-02-27,4.107
2019-02-28,4.107
2019-03-01,4.109
2019-03-04,4.106
2019-03-05,4.105
2019-03-06,4.105
2019-03-07,4.105
2019-03-08,4.107
2019-03-11,4.109
2019-03-12,4.108
2019-03-13,4.105
2019-03-14,4.105
2019-03-15,4.104
2019-03-18,4.104
2019-03-19,4.105
2019-03-20,4.107
2019-03-21,4.11
2019-03-22,4.108
2019-03-26,4.108
2019-03-27,4.109
2019-03-28,4.108
2019-03-29,4.11
2019-04-01,4.107
2019-04-02,4.107
2019-04-03,4.105
2019-04-04,4.107
2019-04-05,4.106
2019-04-08,4.106
2019-04-09,4.106
2019-04-10,4.107
2019-04-11,4.109
2019-04-12,4.108
2019-04-15,4.11
2019-04-16,4.11
2019-04-17,4.105
2019-04-22,4.106
2019-04-23,4.106
2019-04-24,4.106
2019-04-25,4.106
2019-04-26,4.108
2019-04-29,4.106
2019-04-30,4.106
2019-05-02,4.108
2019-05-03,4.109
2019-05-06,4.109
2019-05-07,4.11
2019-05-08,4.11
2019-05-09,4.112
2019-05-10,4.11
2019-05-13,4.11
2019-05-14,4.109
2019-05-15,4.11
2019-05-16,4.111
2019-05-17,4.112
2019-05-20,4.112
2019-05-21,4.113
2019-05-22,4.113
2019-05-23,4.115
2019-05-24,4.117
2019-05-27,4.116
2019-05-28,4.117
2019-05-29,4.114
2019-05-30,4.113
2019-05-31,4.113
2019-06-04,4.115
2019-06-05,4.116
2019-06-06,4.117
2019-06-07,4.118
2019-06-10,4.116
2019-06-11,4.111
2019-06-12,4.112
2019-06-13,4.112
2019-06-14,4.112
2019-06-17,4.112
2019-06-18,4.111
2019-06-19,4.111
2019-06-20,4.11
2019-06-21,4.109
2019-06-25,4.108
2019-06-26,4.109
2019-06-27,4.108
2019-06-28,4.111
2019-07-02,4.114
2019-07-03,4.113
2019-07-04,4.112
2019-07-05,4.112
2019-07-08,4.11
2019-07-09,4.109
2019-07-10,4.109
2019-07-11,4.11
2019-07-12,4.109
2019-07-15,4.109
2019-07-16,4.109
2019-07-17,4.11
2019-07-18,4.109
2019-07-19,4.111
2019-07-22,4.111
2019-07-23,4.111
2019-07-24,4.113
2019-07-25,4.115
2019-07-26,4.117
2019-07-29,4.117
2019-07-30,4.117
2019-07-31,4.118
2019-08-01,4.12
2019-08-02,4.12
2019-08-05,4.119
2019-08-06,4.121
2019-08-08,4.119
2019-08-09,4.119
2019-08-12,4.119
2019-08-13,4.119
2019-08-14,4.119
2019-08-15,4.121
2019-08-16,4.12
2019-08-20,4.123
2019-08-21,4.121
2019-08-22,4.119
2019-08-23,4.122
2019-08-26,4.123
2019-08-27,4.123
2019-08-28,4.123
2019-08-29,4.125
2019-08-30,4.124
2019-09-02,4.12
2019-09-03,4.114
2019-09-04,4.113
2019-09-05,4.114
2019-09-06,4.115
2019-09-09,4.112
2019-09-10,4.11
2019-09-11,4.107
2019-09-12,4.105
2019-09-13,4.106
2019-09-16,4.105
2019-09-17,4.106
2019-09-18,4.106
2019-09-19,4.106
2019-09-20,4.105
2019-09-23,4.105
2019-09-24,4.105
2019-09-25,4.105
2019-09-26,4.106
2019-09-27,4.106
2019-09-30,4.106
2019-10-01,4.106
2019-10-02,4.105
2019-10-03,4.105
2019-10-04,4.106
2019-10-07,4.106
2019-10-08,4.105
2019-10-09,4.106
2019-10-10,4.106
2019-10-11,4.106
2019-10-15,4.106
2019-10-16,4.106
2019-10-17,4.105
2019-10-18,4.107
2019-10-21,4.107
2019-10-22,4.107
2019-10-23,4.109
2019-10-24,4.11
2019-10-25,4.112
2019-10-28,4.113
2019-10-29,4.11
2019-10-30,4.11
2019-10-31,4.112
2019-11-01,4.11
2019-11-05,4.11
2019-11-06,4.107
2019-11-07,4.107
2019-11-08,4.106
2019-11-12,4.105
2019-11-13,4.106
2019-11-14,4.106
2019-11-15,4.106
2019-11-18,4.105
2019-11-19,4.106
2019-11-20,4.107
2019-11-21,4.109
2019-11-22,4.111
2019-11-25,4.11
2019-11-26,4.113
2019-11-27,4.113
2019-11-28,4.113
2019-11-29,4.109
2019-12-02,4.11
2019-12-03,4.111
2019-12-04,4.11
2019-12-05,4.112
2019-12-06,4.113
2019-12-09,4.109
2019-12-10,4.106
2019-12-11,4.105
2019-12-12,4.105
2019-12-13,4.104
2019-12-16,4.105
2019-12-17,4.105
2019-12-18,4.106
2019-12-19,4.106
2019-12-20,4.106
2019-12-23,4.105
2019-12-24,4.103
2019-12-26,4.107
2019-12-27,4.109
2019-12-30,4.111
2020-01-02,4.114
2020-01-03,4.116
2020-01-07,4.112
2020-01-08,4.109
2020-01-09,4.11
2020-01-10,4.112
2020-01-13,4.11
2020-01-14,4.107
2020-01-15,4.107
2020-01-16,4.107
2020-01-17,4.107
2020-01-20,4.105
2020-01-21,4.107
2020-01-22,4.107
2020-01-23,4.108
2020-01-24,4.108
2020-01-27,4.109
2020-01-28,4.109
2020-01-29,4.109
2020-01-30,4.107
2020-01-31,4.109
2020-02-03,4.109
2020-02-04,4.107
2020-02-05,4.108
2020-02-06,4.108
2020-02-07,4.108
2020-02-10,4.106
2020-02-11,4.107
2020-02-12,4.105
2020-02-13,4.106
2020-02-14,4.106
2020-02-17,4.108
2020-02-18,4.106
2020-02-19,4.105
2020-02-20,4.108
2020-02-21,4.106
2020-02-24,4.105
2020-02-25,4.105
2020-02-26,4.106
2020-02-27,4.105
2020-02-28,4.108
2020-03-02,4.108
2020-03-03,4.105
2020-03-04,4.108
2020-03-05,4.107
2020-03-06,4.107
2020-03-09,4.109
2020-03-10,4.11
2020-03-11,4.107
2020-03-12,4.105
2020-03-13,4.107
2020-03-16,4.107
2020-03-17,4.103
2020-03-18,4.095
2020-03-19,4.087
2020-03-20,4.045
2020-03-24,4.01
2020-03-25,3.975
2020-03-26,3.905
2020-03-27,3.78
2020-03-30,3.6
2020-03-31,3.555
2020-04-01,3.533
2020-04-02,3.6
2020-04-03,3.593
2020-04-06,3.5
2020-04-07,3.461
2020-04-08,3.465
2020-04-13,3.408
2020-04-14,3.48
2020-04-15,3.52
2020-04-16,3.563
2020-04-17,3.591
2020-04-20,3.59
2020-04-21,3.605
2020-04-22,3.61
2020-04-23,3.603
2020-04-24,3.59
2020-04-27,3.56
2020-04-28,3.562
2020-04-29,3.595
2020-04-30,3.625
2020-05-04,3.153
2020-05-05,3.155
2020-05-06,3.158
2020-05-07,3.165
2020-05-08,3.156
2020-05-11,3.15
2020-05-12,3.123
2020-05-13,3.115
2020-05-14,3.133
2020-05-15,3.128
2020-05-18,3.123
2020-05-19,3.133
2020-05-20,3.128
2020-05-21,3.11
2020-05-22,3.097
2020-05-26,3.069
2020-05-27,3.113
2020-05-28,3.125
2020-05-29,3.153
2020-06-01,2.679
2020-06-02,2.681
2020-06-03,2.689
2020-06-04,2.693
2020-06-05,2.674
2020-06-08,2.668
2020-06-09,2.665
2020-06-10,2.663
2020-06-11,2.655
2020-06-12,2.671
2020-06-16,2.66
2020-06-17,2.658
2020-06-18,2.669
2020-06-19,2.681
2020-06-23,2.682
2020-06-24,2.679
2020-06-25,2.679
2020-06-26,2.681
2020-06-30,2.689
2020-07-01,2.435
2020-07-02,2.436
2020-07-03,2.429
2020-07-06,2.428
2020-07-07,2.418
2020-07-08,2.42
2020-07-09,2.424
2020-07-10,2.425
2020-07-13,2.429
2020-07-14,2.433
2020-07-15,2.435
2020-07-16,2.428
2020-07-17,2.425
2020-07-21,2.425
2020-07-22,2.435
2020-07-23,2.43
2020-07-24,2.422
2020-07-27,2.413
2020-07-28,2.411
2020-07-29,2.411
2020-07-30,2.402
2020-07-31,2.394
2020-08-03,2.177
2020-08-04,2.156
2020-08-05,2.165
2020-08-06,2.166
2020-08-10,2.165
2020-08-11,2.165
2020-08-12,2.165
2020-08-13,2.164
2020-08-14,2.161
2020-08-18,2.16
2020-08-19,2.161
2020-08-20,2.16
2020-08-21,2.16
2020-08-24,2.171
2020-08-25,2.172
2020-08-26,2.171
2020-08-27,2.171
2020-08-28,2.168
2020-08-31,2.172
2020-09-01,1.935
2020-09-02,1.94
2020-09-03,1.943
2020-09-04,1.951
2020-09-07,1.952
2020-09-08,1.953
2020-09-09,1.947
2020-09-10,1.939
2020-09-11,1.933
2020-09-14,1.928
2020-09-15,1.941
2020-09-16,1.944
2020-09-17,1.946
2020-09-18,1.95
2020-09-21,1.95
2020-09-22,1.952
2020-09-23,1.95
2020-09-24,1.952
2020-09-25,1.954
2020-09-28,1.714
2020-09-29,1.718
2020-09-30,1.717
2020-10-01,1.711
2020-10-02,1.713
2020-10-05,1.712
2020-10-06,1.708
2020-10-07,1.705
2020-10-08,1.71
2020-10-09,1.703
2020-10-13,1.705
2020-10-14,1.708
2020-10-15,1.71
2020-10-16,1.711
2020-10-19,1.711
2020-10-20,1.712
2020-10-21,1.712
2020-10-22,1.71
2020-10-23,1.708
2020-10-26,1.71
2020-10-27,1.711
2020-10-28,1.709
2020-10-29,1.707
2020-10-30,1.704
2020-11-03,1.707
2020-11-04,1.705
2020-11-05,1.704
2020-11-06,1.697
2020-11-09,1.707
2020-11-10,1.712
2020-11-11,1.709
2020-11-12,1.707
2020-11-13,1.707
2020-11-17,1.709
2020-11-18,1.7
2020-11-19,1.707
2020-11-20,1.709
2020-11-23,1.709
2020-11-24,1.704
2020-11-25,1.711
2020-11-26,1.712
2020-11-27,1.711
2020-11-30,1.711
2020-12-01,1.712
2020-12-02,1.713
2020-12-03,1.713
2020-12-04,1.713
2020-12-07,1.716
2020-12-09,1.713
2020-12-10,1.711
2020-12-11,1.711
2020-12-14,1.71
2020-12-15,1.712
2020-12-16,1.713
2020-12-17,1.711
2020-12-18,1.711
2020-12-21,1.711
2020-12-22,1.711
2020-12-23,1.712
2020-12-24,1.711
2020-12-28,1.712
2020-12-29,1.706
2020-12-30,1.702
2021-01-04,1.697
2021-01-05,1.686
2021-01-06,1.685
2021-01-07,1.691
2021-01-08,1.69
2021-01-12,1.695
2021-01-13,1.693
2021-01-14,1.693
2021-01-15,1.692
2021-01-18,1.698
2021-01-19,1.694
2021-01-20,1.691
2021-01-21,1.693
2021-01-22,1.696
2021-01-25,1.699
2021-01-26,1.7
2021-01-27,1.704
2021-01-28,1.706
2021-01-29,1.705
2021-02-01,1.711
2021-02-02,1.712
2021-02-03,1.712
2021-02-04,1.711
2021-02-05,1.712
2021-02-08,1.712
2021-02-09,1.712
2021-02-10,1.711
2021-02-11,1.711
2021-02-12,1.712
2021-02-15,1.712
2021-02-16,1.711
2021-02-17,1.711
2021-02-18,1.711
2021-02-19,1.711
2021-02-22,1.71
2021-02-23,1.707
2021-02-24,1.707
2021-02-25,1.705
2021-02-26,1.699
2021-03-01,1.696
2021-03-02,1.692
2021-03-03,1.692
2021-03-04,1.694
2021-03-05,1.697
2021-03-08,1.692
2021-03-09,1.686
2021-03-10,1.679
2021-03-11,1.668
2021-03-12,1.62
2021-03-15,1.614
2021-03-16,1.63
2021-03-17,1.655
2021-03-18,1.668
2021-03-19,1.672
2021-03-23,1.67
2021-03-24,1.68
2021-03-25,1.68
2021-03-26,1.68
2021-03-29,1.677
2021-03-30,1.688
2021-03-31,1.682
2021-04-05,1.685
2021-04-06,1.684
2021-04-07,1.688
2021-04-08,1.69
2021-04-09,1.696
2021-04-12,1.688
2021-04-13,1.692
2021-04-14,1.696
2021-04-15,1.693
2021-04-16,1.693
2021-04-19,1.7
2021-04-20,1.7
2021-04-21,1.703
