Date,Last Price
2010-03-23,7.8103
2010-03-24,7.7978
2010-03-25,7.7712
2010-03-26,7.7858
2010-03-29,7.7878
2010-03-30,7.7748
2010-03-31,7.7874
2010-04-01,7.759
2010-04-02,7.7475
2010-04-05,7.687
2010-04-06,7.653
2010-04-07,7.5646
2010-04-08,7.5695
2010-04-09,7.5521
2010-04-12,7.4261
2010-04-13,7.4203
2010-04-14,7.3551
2010-04-15,7.4022
2010-04-16,7.4148
2010-04-19,7.4402
2010-04-20,7.4589
2010-04-21,7.4423
2010-04-22,7.4521
2010-04-23,7.4631
2010-04-26,7.4532
2010-04-27,7.4872
2010-04-28,7.6037
2010-04-29,7.7
2010-04-30,7.6934
2010-05-04,7.6988
2010-05-05,7.697
2010-05-06,7.7385
2010-05-07,7.7347
2010-05-11,7.7372
2010-05-12,7.829
2010-05-13,7.8184
2010-05-14,7.8128
2010-05-17,7.7935
2010-05-18,7.7674
2010-05-19,7.8401
2010-05-20,7.9441
2010-05-21,7.9323
2010-05-24,7.9254
2010-05-25,7.9063
2010-05-26,7.9281
2010-05-27,7.8962
2010-05-28,7.8919
2010-05-31,7.8894
2010-06-01,7.882
2010-06-02,7.8387
2010-06-03,7.8231
2010-06-04,7.8071
2010-06-07,7.8019
2010-06-08,7.8169
2010-06-09,7.8312
2010-06-10,7.7279
2010-06-11,7.7252
2010-06-15,7.7165
2010-06-16,7.7018
2010-06-17,7.6546
2010-06-18,7.6475
2010-06-21,7.6165
2010-06-22,7.6153
2010-06-23,7.6203
2010-06-24,7.6256
2010-06-25,7.6241
2010-06-28,7.6146
2010-06-29,7.6177
2010-06-30,7.6218
2010-07-01,7.616
2010-07-02,7.6287
2010-07-05,7.6293
2010-07-06,7.6004
2010-07-07,7.5902
2010-07-08,7.5843
2010-07-09,7.5851
2010-07-12,7.5982
2010-07-13,7.5671
2010-07-14,7.5659
2010-07-15,7.5658
2010-07-16,7.5904
2010-07-19,7.598
2010-07-20,7.6066
2010-07-21,7.6413
2010-07-22,7.6173
2010-07-23,7.6143
2010-07-26,7.5492
2010-07-27,7.5504
2010-07-28,7.5531
2010-07-29,7.5784
2010-07-30,7.5788
2010-08-02,7.5809
2010-08-03,7.6436
2010-08-04,7.6327
2010-08-05,7.6771
2010-08-06,7.7043
2010-08-09,7.7048
2010-08-10,7.7168
2010-08-11,7.6875
2010-08-12,7.6872
2010-08-13,7.6782
2010-08-16,7.6912
2010-08-17,7.7202
2010-08-18,7.6899
2010-08-19,7.6993
2010-08-20,7.6758
2010-08-23,7.6845
2010-08-24,7.7018
2010-08-25,7.7392
2010-08-26,7.7297
2010-08-27,7.7329
2010-08-30,7.7322
2010-08-31,7.7249
2010-09-01,7.7329
2010-09-02,7.7202
2010-09-03,7.7125
2010-09-06,7.7199
2010-09-07,7.6911
2010-09-08,7.681
2010-09-09,7.6804
2010-09-10,7.6777
2010-09-13,7.6894
2010-09-14,7.6964
2010-09-15,7.6532
2010-09-16,7.6761
2010-09-17,7.669
2010-09-20,7.6965
2010-09-21,7.7245
2010-09-22,7.7019
2010-09-23,7.6999
2010-09-24,7.6963
2010-09-27,7.7158
2010-09-28,7.7238
2010-09-29,7.7256
2010-09-30,7.722
2010-10-01,7.7208
2010-10-04,7.7212
2010-10-05,7.7367
2010-10-06,7.7336
2010-10-07,7.7247
2010-10-08,7.7249
2010-10-11,7.7211
2010-10-12,7.7135
2010-10-13,7.7213
2010-10-14,7.722
2010-10-15,7.7152
2010-10-18,7.6971
2010-10-19,7.6969
2010-10-20,7.6949
2010-10-21,7.698
2010-10-22,7.6941
2010-10-25,7.697
2010-10-26,7.6777
2010-10-27,7.6872
2010-10-28,7.6919
2010-10-29,7.6924
2010-11-01,7.7181
2010-11-02,7.7379
2010-11-08,7.7437
2010-11-09,7.755
2010-11-10,7.7519
2010-11-11,7.7507
2010-11-12,7.73
2010-11-15,7.7521
2010-11-16,7.7576
2010-11-17,7.7578
2010-11-18,7.7613
2010-11-19,7.7764
2010-11-22,7.7849
2010-11-23,7.8104
2010-11-24,7.824
2010-11-25,7.8372
2010-11-26,7.806
2010-11-29,7.7921
2010-11-30,7.8043
2010-12-01,7.829
2010-12-02,7.8026
2010-12-03,7.8036
2010-12-06,7.8063
2010-12-07,7.8207
2010-12-08,7.8715
2010-12-09,7.8709
2010-12-10,8.189
2010-12-13,8.3149
2010-12-14,8.5475
2010-12-15,8.4341
2010-12-16,8.271
2010-12-17,8.4184
2010-12-20,8.4097
2010-12-21,8.4335
2010-12-22,8.4544
2010-12-23,8.4809
2010-12-24,8.431
2010-12-27,8.4104
2010-12-28,8.2817
2010-12-29,8.3597
2010-12-30,8.2324
2011-01-11,8.2651
2011-01-12,8.3898
2011-01-13,8.3201
2011-01-14,8.4375
2011-01-17,8.4164
2011-01-18,8.4235
2011-01-19,8.3322
2011-01-20,8.3387
2011-01-21,8.4762
2011-01-24,8.475
2011-01-25,8.3991
2011-01-26,8.4474
2011-01-27,8.4596
2011-01-28,8.4886
2011-01-31,8.3716
2011-02-01,8.3774
2011-02-02,8.4273
2011-02-03,8.3828
2011-02-04,8.4144
2011-02-07,8.403
2011-02-08,8.3928
2011-02-09,8.3918
2011-02-10,8.4023
2011-02-11,8.3066
2011-02-14,8.2061
2011-02-15,8.2899
2011-02-16,8.332
2011-02-17,8.2517
2011-02-18,8.2971
2011-02-21,8.2856
2011-02-22,8.3126
2011-02-24,8.3188
2011-02-25,8.3048
2011-02-28,8.2811
2011-03-01,8.2964
2011-03-02,8.3028
2011-03-03,8.3008
2011-03-04,8.2524
2011-03-07,8.2894
2011-03-09,8.2061
2011-03-10,8.2829
2011-03-11,8.319
2011-03-14,8.2606
2011-03-15,8.3272
2011-03-16,8.3141
2011-03-17,8.3025
2011-03-18,8.2995
2011-03-21,8.3063
2011-03-22,8.292
2011-03-23,8.2834
2011-03-24,8.2578
2011-03-25,8.2766
2011-03-28,8.2784
2011-03-29,8.2872
2011-03-30,8.266
2011-03-31,8.2337
2011-04-01,8.2061
2011-04-04,8.1705
2011-04-05,8.1384
2011-04-06,8.0987
2011-04-07,8.0813
2011-04-08,8.0738
2011-04-11,8.0633
2011-04-12,8.0792
2011-04-13,8.0836
2011-04-14,8.1001
2011-04-15,8.1037
2011-04-18,8.1085
2011-04-19,8.1113
2011-04-20,8.1091
2011-04-21,8.1085
2011-04-22,8.1183
2011-04-25,8.1229
2011-04-26,8.1052
2011-04-27,8.1086
2011-04-28,8.1089
2011-04-29,8.1048
2011-05-03,8.1131
2011-05-04,8.1294
2011-05-05,8.1396
2011-05-06,8.1424
2011-05-10,8.1553
2011-05-11,8.1572
2011-05-12,8.1596
2011-05-13,8.1718
2011-05-16,8.1757
2011-05-17,8.19
2011-05-18,8.2003
2011-05-19,8.2001
2011-05-20,8.2056
2011-05-23,8.2129
2011-05-24,8.2126
2011-05-25,8.2241
2011-05-26,8.2384
2011-05-27,8.2343
2011-05-30,8.2338
2011-05-31,8.2287
2011-06-01,8.2328
2011-06-02,8.2487
2011-06-03,8.2458
2011-06-06,8.2527
2011-06-07,8.242
2011-06-08,8.2459
2011-06-09,8.24
2011-06-10,8.247
2011-06-14,8.2479
2011-06-15,8.2429
2011-06-16,8.2523
2011-06-17,8.2593
2011-06-20,8.2697
2011-06-21,8.2802
2011-06-22,8.2965
2011-06-23,8.3157
2011-06-24,8.3216
2011-06-27,8.3336
2011-06-28,8.3489
2011-06-29,8.3535
2011-06-30,8.3455
2011-07-01,8.3352
2011-07-04,8.3336
2011-07-05,8.329
2011-07-06,8.3228
2011-07-07,8.2883
2011-07-08,8.2592
2011-07-11,8.2514
2011-07-12,8.2457
2011-07-13,8.2439
2011-07-14,8.2412
2011-07-15,8.246
2011-07-18,8.2397
2011-07-19,8.2264
2011-07-20,8.2193
2011-07-21,8.2167
2011-07-22,8.2082
2011-07-25,8.1947
2011-07-26,8.1792
2011-07-27,8.1587
2011-07-28,8.1528
2011-07-29,8.1526
2011-08-01,8.1394
2011-08-02,8.1272
2011-08-03,8.1205
2011-08-04,8.122
2011-08-05,8.1393
2011-08-08,8.1466
2011-08-09,8.1895
2011-08-10,8.2218
2011-08-11,8.2511
2011-08-12,8.2655
2011-08-15,8.2717
2011-08-16,8.2794
2011-08-17,8.2843
2011-08-18,8.2964
2011-08-19,8.3044
2011-08-22,8.3114
2011-08-23,8.3222
2011-08-24,8.3301
2011-08-25,8.3447
2011-08-26,8.3504
2011-08-29,8.3535
2011-08-30,8.3593
2011-08-31,8.3667
2011-09-01,8.3717
2011-09-02,8.379
2011-09-05,8.3989
2011-09-06,8.4106
2011-09-07,8.431
2011-09-08,8.4511
2011-09-09,8.4467
2011-09-12,8.4485
2011-09-13,8.4494
2011-09-14,8.4608
2011-09-15,8.4929
2011-09-16,8.5219
2011-09-19,8.5523
2011-09-20,8.5795
2011-09-21,8.5984
2011-09-22,8.6429
2011-09-23,8.6965
2011-09-26,8.7276
2011-09-27,8.7683
2011-09-28,8.8153
2011-09-29,8.8549
2011-09-30,8.8537
2011-10-03,8.8699
2011-10-04,8.9177
2011-10-05,8.9539
2011-10-06,8.9774
2011-10-07,8.9908
2011-10-10,8.9872
2011-10-11,8.9659
2011-10-12,8.9482
2011-10-13,8.9456
2011-10-14,8.9471
2011-10-17,8.947
2011-10-18,8.9577
2011-10-19,8.9552
2011-10-20,8.9591
2011-10-21,8.9614
2011-10-24,8.9548
2011-10-25,8.9311
2011-10-26,8.9196
2011-10-27,8.8438
2011-10-28,8.812
2011-10-31,8.7677
2011-11-01,8.7925
2011-11-02,8.7833
2011-11-03,8.7823
2011-11-07,8.7708
2011-11-08,8.7547
2011-11-09,8.7419
2011-11-10,8.7576
2011-11-11,8.7684
2011-11-14,8.77
2011-11-15,8.7878
2011-11-16,8.809
2011-11-17,8.8221
2011-11-18,8.827
2011-11-21,8.8319
2011-11-22,8.8418
2011-11-23,8.8551
2011-11-24,8.8636
2011-11-25,8.8675
2011-11-28,8.884
2011-11-29,8.888
2011-11-30,8.883
2011-12-01,8.8453
2011-12-02,8.8118
2011-12-05,8.7966
2011-12-06,8.7762
2011-12-07,8.7573
2011-12-08,8.7476
2011-12-09,8.7585
2011-12-12,8.7712
2011-12-13,8.7801
2011-12-14,8.8129
2011-12-15,8.8871
2011-12-16,8.8861
2011-12-19,8.8858
2011-12-20,8.8815
2011-12-21,8.9269
2011-12-22,8.9171
2011-12-23,8.8983
2011-12-26,8.8849
2011-12-27,8.8772
2011-12-28,8.866
2011-12-29,8.7947
2011-12-30,8.7648
2012-01-03,8.766
2012-01-04,8.763
2012-01-05,8.765
2012-01-06,8.7674
2012-01-09,8.7683
2012-01-10,8.7947
2012-01-11,8.7941
2012-01-12,8.7539
2012-01-13,8.7434
2012-01-16,8.742
2012-01-17,8.7066
2012-01-18,8.6858
2012-01-19,8.6884
2012-01-20,8.6574
2012-01-23,8.6656
2012-01-24,8.6684
2012-01-25,8.671
2012-01-26,8.6209
2012-01-27,8.5723
2012-01-30,8.5637
2012-01-31,8.5116
2012-02-01,8.4306
2012-02-02,8.3784
2012-02-03,8.332
2012-02-06,8.3042
2012-02-07,8.1806
2012-02-08,8.1734
2012-02-09,8.2
2012-02-10,8.2214
2012-02-13,8.2423
2012-02-14,8.259
2012-02-15,8.2485
2012-02-16,8.2609
2012-02-17,8.2582
2012-02-20,8.2656
2012-02-21,8.2645
2012-02-22,8.2607
2012-02-24,8.2561
2012-02-27,8.2536
2012-02-28,8.2585
2012-02-29,8.2614
2012-03-01,8.2608
2012-03-02,8.2608
2012-03-05,8.2454
2012-03-06,8.2471
2012-03-07,8.247
2012-03-12,8.2341
2012-03-13,8.2135
2012-03-14,8.1866
2012-03-15,8.174
2012-03-16,8.1146
2012-03-19,8.0877
2012-03-20,8.1762
2012-03-21,8.0682
2012-03-22,8.1599
2012-03-23,8.1847
2012-03-26,8.1344
2012-03-27,8.1471
2012-03-28,8.1346
2012-03-29,8.1243
2012-03-30,8.1066
2012-04-02,8.0838
2012-04-03,8.0626
2012-04-04,8.1426
2012-04-05,8.1586
2012-04-06,8.1441
2012-04-09,8.2176
2012-04-10,8.2547
2012-04-11,8.2556
2012-04-12,8.2413
2012-04-13,8.2358
2012-04-16,8.3171
2012-04-17,8.2912
2012-04-18,8.2565
2012-04-19,8.2595
2012-04-20,8.2066
2012-04-23,8.2405
2012-04-24,8.2716
2012-04-25,8.2492
2012-04-26,8.273
2012-04-27,8.235
2012-04-30,8.212
2012-05-02,8.2213
2012-05-03,8.2137
2012-05-04,8.236
2012-05-07,8.2702
2012-05-08,8.2691
2012-05-10,8.2851
2012-05-11,8.3238
2012-05-14,8.4382
2012-05-15,8.4775
2012-05-16,8.5873
2012-05-17,8.6591
2012-05-18,8.7505
2012-05-21,8.6947
2012-05-22,8.6266
2012-05-23,8.7683
2012-05-24,8.7532
2012-05-25,8.7761
2012-05-28,8.7315
2012-05-29,8.7127
2012-05-30,8.798
2012-05-31,8.9443
2012-06-01,9.0378
2012-06-04,8.9638
2012-06-05,8.8531
2012-06-06,8.7514
2012-06-07,8.6357
2012-06-08,8.726
2012-06-11,8.7172
2012-06-13,8.7695
2012-06-14,8.7999
2012-06-15,8.7492
2012-06-18,8.7608
2012-06-19,8.7608
2012-06-20,8.7992
2012-06-21,8.8108
2012-06-22,8.8709
2012-06-25,8.8733
2012-06-26,8.8689
2012-06-27,8.8564
2012-06-28,8.8693
2012-06-29,8.6989
2012-07-02,8.609
2012-07-03,8.534
2012-07-04,8.5008
2012-07-05,8.5393
2012-07-06,8.4816
2012-07-09,8.5734
2012-07-10,8.5541
2012-07-11,8.5494
2012-07-12,8.4996
2012-07-13,8.3504
2012-07-16,8.2826
2012-07-17,8.2477
2012-07-18,8.2745
2012-07-19,8.2659
2012-07-20,8.328
2012-07-23,8.4979
2012-07-24,8.3583
2012-07-25,8.3811
2012-07-26,8.2606
2012-07-27,8.2512
2012-07-30,8.3437
2012-07-31,8.2834
2012-08-01,8.1458
2012-08-02,8.3158
2012-08-03,8.251
2012-08-06,8.0976
2012-08-07,8.1767
2012-08-08,8.1804
2012-08-09,8.2356
2012-08-10,8.2296
2012-08-13,8.2047
2012-08-14,8.2567
2012-08-15,8.1888
2012-08-16,8.1974
2012-08-17,8.2676
2012-08-20,8.2442
2012-08-21,8.2991
2012-08-22,8.2419
2012-08-23,8.1871
2012-08-24,8.2187
2012-08-27,8.193
2012-08-28,8.1938
2012-08-29,8.2529
2012-08-30,8.1891
2012-08-31,8.1549
2012-09-03,8.177
2012-09-04,8.2115
2012-09-05,8.1929
2012-09-06,8.1226
2012-09-07,8.074
2012-09-10,8.1406
2012-09-11,8.0638
2012-09-12,8.1247
2012-09-13,8.1627
2012-09-14,8.0997
2012-09-17,8.1243
2012-09-18,8.1765
2012-09-19,8.1857
2012-09-20,8.1125
2012-09-21,8.1508
2012-09-24,8.1874
2012-09-25,8.1651
2012-09-26,8.1333
2012-09-27,8.1816
2012-09-28,8.1602
2012-10-01,8.1753
2012-10-02,8.1033
2012-10-03,8.1391
2012-10-04,8.1128
2012-10-05,8.1143
2012-10-08,8.0445
2012-10-09,8.0622
2012-10-10,8.1115
2012-10-11,8.0265
2012-10-12,7.9696
2012-10-15,7.909
2012-10-16,7.8484
2012-10-17,7.7097
2012-10-18,7.7962
2012-10-19,7.7022
2012-10-22,7.7031
2012-10-23,7.802
2012-10-24,7.7341
2012-10-25,7.7745
2012-10-26,7.7925
2012-10-29,7.8128
2012-10-30,7.7478
2012-10-31,7.7382
2012-11-01,7.7598
2012-11-02,7.7288
2012-11-06,7.7276
2012-11-07,7.7666
2012-11-08,7.6905
2012-11-09,7.6869
2012-11-12,7.7027
2012-11-13,7.7019
2012-11-14,7.7555
2012-11-15,7.7077
2012-11-16,7.6782
2012-11-19,7.6064
2012-11-20,7.586
2012-11-21,7.3558
2012-11-22,7.3047
2012-11-23,7.299
2012-11-26,7.3308
2012-11-27,7.2924
2012-11-28,7.3713
2012-11-29,7.1818
2012-11-30,7.2201
2012-12-03,7.0916
2012-12-04,7.0906
2012-12-05,7.0213
2012-12-06,7.0846
2012-12-07,6.9925
2012-12-10,6.9955
2012-12-11,6.9603
2012-12-12,6.9696
2012-12-13,7.0244
2012-12-14,6.9151
2012-12-17,6.9599
2012-12-18,7.0448
2012-12-19,7.0902
2012-12-20,7.0321
2012-12-21,7.0133
2012-12-24,7.0121
2012-12-25,7.0233
2012-12-26,7.0222
2012-12-27,7.0365
2012-12-28,6.9886
2013-01-08,7.0235
2013-01-09,6.8413
2013-01-10,6.6875
2013-01-11,6.7795
2013-01-14,6.8157
2013-01-15,6.8243
2013-01-16,6.9541
2013-01-17,6.9328
2013-01-18,6.9665
2013-01-21,6.9367
2013-01-22,6.9075
2013-01-23,6.944
2013-01-24,6.9073
2013-01-25,6.8562
2013-01-28,6.8718
2013-01-29,6.8523
2013-01-30,6.906
2013-01-31,6.9521
2013-02-01,6.9191
2013-02-04,7.0191
2013-02-05,7.0409
2013-02-06,7.0241
2013-02-07,6.9618
2013-02-08,6.9374
2013-02-11,6.9454
2013-02-12,6.9707
2013-02-13,6.8642
2013-02-14,6.9599
2013-02-15,7.0066
2013-02-18,7.0289
2013-02-19,7.0079
2013-02-20,6.9344
2013-02-21,7.0905
2013-02-22,7.1269
2013-02-25,7.1093
2013-02-26,7.0019
2013-02-27,7.1022
2013-02-28,7.1125
2013-03-01,7.1066
2013-03-04,7.164
2013-03-05,7.1847
2013-03-06,7.2366
2013-03-07,7.1774
2013-03-11,7.2286
2013-03-12,7.2311
2013-03-13,7.3155
2013-03-14,7.3527
2013-03-15,7.3926
2013-03-18,7.3939
2013-03-19,7.3992
2013-03-20,7.3601
2013-03-21,7.348
2013-03-22,7.3984
2013-03-25,7.3307
2013-03-26,7.3182
2013-03-27,7.331
2013-03-28,7.2797
2013-03-29,7.3857
2013-04-01,7.3184
2013-04-02,7.2767
2013-04-03,7.2807
2013-04-04,7.251
2013-04-05,7.0996
2013-04-08,6.9609
2013-04-09,6.9901
2013-04-10,6.9625
2013-04-11,6.9548
2013-04-12,6.9873
2013-04-15,7.1292
2013-04-16,7.143
2013-04-17,7.1642
2013-04-18,7.0343
2013-04-19,7.101
2013-04-22,6.9607
2013-04-23,6.8823
2013-04-24,6.9538
2013-04-25,6.8704
2013-04-26,6.8049
2013-04-29,6.858
2013-04-30,6.7278
2013-05-02,6.7497
2013-05-03,6.693
2013-05-06,6.7511
2013-05-07,6.7069
2013-05-08,6.774
2013-05-10,6.7697
2013-05-13,6.9275
2013-05-14,6.8483
2013-05-15,6.9172
2013-05-16,6.8928
2013-05-17,6.8586
2013-05-20,7.0101
2013-05-21,6.9789
2013-05-22,6.9452
2013-05-23,7.1619
2013-05-24,7.1617
2013-05-27,7.1677
2013-05-28,7.1739
2013-05-29,7.2774
2013-05-30,7.4533
2013-05-31,7.5294
2013-06-03,7.6062
2013-06-04,7.3806
2013-06-05,7.4088
2013-06-06,7.5912
2013-06-07,7.6012
2013-06-10,7.7593
2013-06-11,7.8457
2013-06-13,7.6462
2013-06-14,7.4834
2013-06-17,7.6121
2013-06-18,7.694
2013-06-19,7.6633
2013-06-20,7.9833
2013-06-21,8.0485
2013-06-24,8.3691
2013-06-25,8.2564
2013-06-26,8.0472
2013-06-27,7.8693
2013-06-28,7.9295
2013-07-01,7.8423
2013-07-02,7.7114
2013-07-03,7.8158
2013-07-04,7.7593
2013-07-05,7.8397
2013-07-08,7.8353
2013-07-09,7.7347
2013-07-10,7.8167
2013-07-11,7.7238
2013-07-12,7.625
2013-07-15,7.6211
2013-07-16,7.506
2013-07-17,7.4738
2013-07-18,7.507
2013-07-19,7.5069
2013-07-22,7.4687
2013-07-23,7.508
2013-07-24,7.529
2013-07-25,7.6269
2013-07-26,7.6577
2013-07-29,7.7464
2013-07-30,7.7489
2013-07-31,7.7956
2013-08-01,7.7182
2013-08-02,7.6537
2013-08-05,7.6521
2013-08-06,7.6766
2013-08-07,7.6066
2013-08-08,7.5893
2013-08-09,7.6126
2013-08-12,7.5922
2013-08-13,7.6619
2013-08-14,7.6648
2013-08-15,7.6975
2013-08-16,7.6979
2013-08-19,7.7333
2013-08-20,7.8428
2013-08-21,7.9317
2013-08-22,7.9428
2013-08-23,7.8946
2013-08-26,7.8594
2013-08-27,8.0109
2013-08-28,8.0254
2013-08-29,8.0418
2013-08-30,7.9146
2013-09-02,7.9347
2013-09-03,7.9503
2013-09-04,7.9444
2013-09-05,7.962
2013-09-06,7.9272
2013-09-09,7.9091
2013-09-10,7.8864
2013-09-11,7.634
2013-09-12,7.6093
2013-09-13,7.5946
2013-09-16,7.5374
2013-09-17,7.6603
2013-09-18,7.6613
2013-09-19,7.4889
2013-09-20,7.5069
2013-09-23,7.5338
2013-09-24,7.5545
2013-09-25,7.6043
2013-09-26,7.5727
2013-09-27,7.6082
2013-09-30,7.6158
2013-10-01,7.6617
2013-10-02,7.6044
2013-10-03,7.5593
2013-10-04,7.5776
2013-10-07,7.62
2013-10-08,7.6267
2013-10-09,7.6493
2013-10-10,7.6875
2013-10-11,7.6701
2013-10-14,7.7019
2013-10-15,7.6719
2013-10-16,7.6464
2013-10-17,7.6001
2013-10-18,7.5783
2013-10-21,7.5922
2013-10-22,7.5122
2013-10-23,7.5399
2013-10-24,7.5482
2013-10-25,7.5714
2013-10-28,7.5343
2013-10-29,7.5414
2013-10-30,7.4987
2013-10-31,7.5084
2013-11-01,7.5898
2013-11-05,7.5853
2013-11-06,7.605
2013-11-07,7.5914
2013-11-08,7.7115
2013-11-11,7.7631
2013-11-12,7.8148
2013-11-13,7.7932
2013-11-14,7.7756
2013-11-15,7.7574
2013-11-18,7.7565
2013-11-19,7.7822
2013-11-20,7.7752
2013-11-21,7.851
2013-11-22,7.8201
2013-11-25,7.8433
2013-11-26,7.9068
2013-11-27,7.9519
2013-11-28,8.0488
2013-11-29,8.0265
2013-12-02,8.0879
2013-12-03,8.0446
2013-12-04,8.0768
2013-12-05,8.0328
2013-12-06,7.9996
2013-12-09,7.8974
2013-12-10,7.9374
2013-12-11,7.9
2013-12-12,7.93
2013-12-13,7.9257
2013-12-16,7.9888
2013-12-17,7.9292
2013-12-18,7.9504
2013-12-19,7.9269
2013-12-20,7.9221
2013-12-23,7.9206
2013-12-24,7.9168
2013-12-25,7.9298
2013-12-26,7.9216
2013-12-27,7.9191
2013-12-30,7.8838
2014-01-06,7.8981
2014-01-08,7.9066
2014-01-09,8.0095
2014-01-10,7.9847
2014-01-13,8.0322
2014-01-14,8.0051
2014-01-15,8.0155
2014-01-16,8.0614
2014-01-17,8.078
2014-01-20,8.0832
2014-01-21,8.0959
2014-01-22,8.1374
2014-01-23,8.1439
2014-01-24,8.2389
2014-01-27,8.3191
2014-01-28,8.2743
2014-01-29,8.4292
2014-01-30,8.5063
2014-01-31,8.5382
2014-02-03,8.375
2014-02-04,8.246
2014-02-05,8.1859
2014-02-06,8.2274
2014-02-07,8.1767
2014-02-10,8.2151
2014-02-11,8.2199
2014-02-12,8.2077
2014-02-13,8.2793
2014-02-14,8.2589
2014-02-17,8.2575
2014-02-18,8.3471
2014-02-19,8.5101
2014-02-20,8.5052
2014-02-21,8.432
2014-02-24,8.3992
2014-02-25,8.3733
2014-02-26,8.4506
2014-02-27,8.4614
2014-02-28,8.4305
2014-03-03,8.8766
2014-03-04,8.6905
2014-03-05,8.6642
2014-03-06,8.7898
2014-03-07,8.8616
2014-03-11,9.0453
2014-03-12,9.1755
2014-03-13,9.4366
2014-03-14,9.767
2014-03-17,9.4371
2014-03-18,9.2865
2014-03-19,9.1868
2014-03-20,9.316
2014-03-21,9.4508
2014-03-24,9.3171
2014-03-25,9.1244
2014-03-26,8.9377
2014-03-27,9.064
2014-03-28,9.1296
2014-03-31,8.7961
2014-04-01,8.8962
2014-04-02,9.024
2014-04-03,9.0076
2014-04-04,8.8982
2014-04-07,9.0454
2014-04-08,8.9229
2014-04-09,8.9444
2014-04-10,8.9256
2014-04-11,9.0064
2014-04-14,9.0915
2014-04-15,9.2261
2014-04-16,9.2213
2014-04-17,9.1474
2014-04-18,9.0393
2014-04-21,9.0968
2014-04-22,9.1607
2014-04-23,9.1982
2014-04-24,9.3613
2014-04-25,9.6517
2014-04-28,9.6309
2014-04-29,9.5967
2014-04-30,9.5313
2014-05-02,9.4725
2014-05-05,9.5976
2014-05-06,9.4936
2014-05-07,9.2076
2014-05-08,9.1294
2014-05-12,9.0969
2014-05-13,9.045
2014-05-14,9.0658
2014-05-15,9.0272
2014-05-16,9.0566
2014-05-19,8.9828
2014-05-20,8.9303
2014-05-21,8.8368
2014-05-22,8.861
2014-05-23,8.791
2014-05-26,8.765
2014-05-27,8.8925
2014-05-28,8.8598
2014-05-29,8.7545
2014-05-30,8.7007
2014-06-02,8.6756
2014-06-03,8.7135
2014-06-04,8.654
2014-06-05,8.5693
2014-06-06,8.4068
2014-06-09,8.4935
2014-06-10,8.5418
2014-06-11,8.5225
2014-06-16,8.6899
2014-06-17,8.7216
2014-06-18,8.6812
2014-06-19,8.6144
2014-06-20,8.6075
2014-06-23,8.6014
2014-06-24,8.5026
2014-06-25,8.4857
2014-06-26,8.4512
2014-06-27,8.4151
2014-06-30,8.5264
2014-07-01,8.5681
2014-07-02,8.5316
2014-07-03,8.5642
2014-07-04,8.5508
2014-07-07,8.5811
2014-07-08,8.5319
2014-07-09,8.5523
2014-07-10,8.681
2014-07-11,8.7207
2014-07-14,8.7206
2014-07-15,8.7151
2014-07-16,8.7619
2014-07-17,9.0197
2014-07-18,9.043
2014-07-21,9.2489
2014-07-22,9.1402
2014-07-23,9.1107
2014-07-24,9.1053
2014-07-25,9.2759
2014-07-28,9.3493
2014-07-29,9.4531
2014-07-30,9.4613
2014-07-31,9.4689
2014-08-01,9.5724
2014-08-04,9.656
2014-08-05,9.6763
2014-08-06,9.8413
2014-08-07,9.8471
2014-08-08,9.8591
2014-08-11,9.5617
2014-08-12,9.5095
2014-08-13,9.4439
2014-08-14,9.3837
2014-08-15,9.2729
2014-08-18,9.4203
2014-08-19,9.3349
2014-08-20,9.3785
2014-08-21,9.3307
2014-08-22,9.3993
2014-08-25,9.34
2014-08-26,9.3359
2014-08-27,9.3496
2014-08-28,9.7392
2014-08-29,9.8225
2014-09-01,9.7802
2014-09-02,9.876
2014-09-03,9.5247
2014-09-04,9.5044
2014-09-05,9.4898
2014-09-08,9.539
2014-09-09,9.5469
2014-09-10,9.6643
2014-09-11,9.7335
2014-09-12,9.7009
2014-09-15,9.7377
2014-09-16,9.7301
2014-09-17,9.6123
2014-09-18,9.5879
2014-09-19,9.5464
2014-09-22,9.5898
2014-09-23,9.4595
2014-09-24,9.2996
2014-09-25,9.3034
2014-09-26,9.3373
2014-09-29,9.3668
2014-09-30,9.4364
2014-10-01,9.3879
2014-10-02,9.4044
2014-10-03,9.5466
2014-10-06,9.5893
2014-10-07,9.6284
2014-10-08,9.6905
2014-10-09,9.7036
2014-10-10,9.864
2014-10-13,9.8245
2014-10-14,9.9291
2014-10-15,9.8271
2014-10-16,9.8962
2014-10-17,9.8348
2014-10-20,9.891
2014-10-21,9.7564
2014-10-22,9.777
2014-10-23,9.8644
2014-10-24,9.8356
2014-10-27,9.8882
2014-10-28,9.9672
2014-10-29,10.0507
2014-10-30,9.8734
2014-10-31,9.9635
2014-11-03,10.0501
2014-11-05,9.9831
2014-11-06,10.0864
2014-11-07,10.1077
2014-11-10,10.0513
2014-11-11,10.1169
2014-11-12,10.0998
2014-11-13,10.1864
2014-11-14,10.2374
2014-11-17,10.2739
2014-11-18,10.2038
2014-11-19,10.2189
2014-11-20,10.1532
2014-11-21,10.1627
2014-11-24,10.135
2014-11-25,10.2149
2014-11-26,10.3284
2014-11-27,10.3809
2014-11-28,10.5099
2014-12-01,10.6458
2014-12-02,10.6758
2014-12-03,10.8897
2014-12-04,11.1051
2014-12-05,11.6477
2014-12-08,12.283
2014-12-09,12.6153
2014-12-10,12.4368
2014-12-11,12.2629
2014-12-12,12.6079
2014-12-15,12.9625
2014-12-16,15.7863
2014-12-17,13.1664
2014-12-18,13.0561
2014-12-19,13.5987
2014-12-22,12.6838
2014-12-23,13.2178
2014-12-24,13.1238
2014-12-25,13.4566
2014-12-26,13.0312
2014-12-29,13.4373
2014-12-30,13.0068
2015-01-05,13.074
2015-01-06,13.8565
2015-01-08,13.6708
2015-01-09,13.5062
2015-01-12,13.583
2015-01-13,14.5585
2015-01-14,14.7134
2015-01-15,13.7914
2015-01-16,13.4833
2015-01-19,13.3646
2015-01-20,13.6632
2015-01-21,13.5758
2015-01-22,13.2728
2015-01-23,13.0271
2015-01-26,13.7868
2015-01-27,13.6391
2015-01-28,13.4654
2015-01-29,13.6462
2015-01-30,13.2235
2015-02-02,12.7836
2015-02-03,12.5455
2015-02-04,12.7495
2015-02-05,12.1759
2015-02-06,12.3931
2015-02-09,12.1137
2015-02-10,12.2131
2015-02-11,12.3946
2015-02-12,12.1814
2015-02-13,11.7995
2015-02-16,12.0004
2015-02-17,11.7149
2015-02-18,11.7294
2015-02-19,11.8461
2015-02-20,12.2141
2015-02-24,12.7034
2015-02-25,12.7044
2015-02-26,12.7066
2015-02-27,12.929
2015-03-02,13.0997
2015-03-03,12.6692
2015-03-04,12.7395
2015-03-05,12.5163
2015-03-06,12.7115
2015-03-10,12.8621
2015-03-11,12.5769
2015-03-12,12.5064
2015-03-13,12.6663
2015-03-16,12.9068
2015-03-17,13.1263
2015-03-18,13.0961
2015-03-19,12.8906
2015-03-20,12.5949
2015-03-23,12.4338
2015-03-24,12.4363
2015-03-25,12.0953
2015-03-26,11.7893
2015-03-27,11.7957
2015-03-30,11.7808
2015-03-31,11.9781
2015-04-01,11.5878
2015-04-02,11.6587
2015-04-03,11.5063
2015-04-06,11.4704
2015-04-07,11.4575
2015-04-08,11.4137
2015-04-09,11.0796
2015-04-10,10.9459
2015-04-13,10.9314
2015-04-14,10.8209
2015-04-15,10.3948
2015-04-16,10.4143
2015-04-17,10.6693
2015-04-20,10.763
2015-04-21,10.9329
2015-04-22,10.9418
2015-04-23,10.877
2015-04-24,10.8523
2015-04-27,10.8928
2015-04-28,10.8846
2015-04-29,10.784
2015-04-30,10.5244
2015-05-05,10.3978
2015-05-06,10.2629
2015-05-07,10.3008
2015-05-08,10.4105
2015-05-12,10.533
2015-05-13,10.4736
2015-05-14,10.4922
2015-05-15,10.4746
2015-05-18,10.3466
2015-05-19,10.4333
2015-05-20,10.4169
2015-05-21,10.3289
2015-05-22,10.3074
2015-05-25,10.3356
2015-05-26,10.4166
2015-05-27,10.4514
2015-05-28,10.5968
2015-05-29,10.5094
2015-06-01,10.5288
2015-06-02,10.4764
2015-06-03,10.5713
2015-06-04,10.8248
2015-06-05,10.9096
2015-06-08,10.882
2015-06-09,10.7049
2015-06-10,10.4771
2015-06-11,10.6206
2015-06-15,10.6764
2015-06-16,10.802
2015-06-17,10.9061
2015-06-18,10.8471
2015-06-19,10.9518
2015-06-22,10.8351
2015-06-23,10.8126
2015-06-24,10.7617
2015-06-25,10.88
2015-06-26,10.8883
2015-06-29,11.0107
2015-06-30,10.9217
2015-07-01,10.8525
2015-07-02,11.0677
2015-07-03,10.8548
2015-07-06,10.9839
2015-07-07,10.8856
2015-07-08,10.8971
2015-07-09,11.0131
2015-07-10,10.8179
2015-07-13,10.7948
2015-07-14,10.7136
2015-07-15,10.6589
2015-07-16,10.3858
2015-07-17,10.3277
2015-07-20,10.4382
2015-07-21,10.5001
2015-07-22,10.5165
2015-07-23,10.5688
2015-07-24,10.7051
2015-07-27,10.8945
2015-07-28,10.9356
2015-07-29,10.6447
2015-07-30,10.7129
2015-07-31,10.6464
2015-08-03,10.8619
2015-08-04,10.8036
2015-08-05,10.7771
2015-08-06,10.8688
2015-08-07,10.8972
2015-08-10,10.8606
2015-08-11,10.9577
2015-08-12,10.9612
2015-08-13,10.9521
2015-08-14,10.9763
2015-08-17,11.0245
2015-08-18,11.0583
2015-08-19,11.12
2015-08-20,11.3021
2015-08-21,11.7197
2015-08-24,12.0392
2015-08-25,11.6252
2015-08-26,11.7085
2015-08-27,11.4855
2015-08-28,11.4713
2015-08-31,11.5493
2015-09-01,11.4987
2015-09-02,11.5579
2015-09-03,11.4724
2015-09-04,11.5456
2015-09-07,11.5541
2015-09-08,11.5045
2015-09-09,11.5091
2015-09-10,11.4664
2015-09-11,11.4476
2015-09-14,11.413
2015-09-15,11.2906
2015-09-16,11.181
2015-09-17,11.2152
2015-09-18,11.1317
2015-09-21,11.0673
2015-09-22,11.0765
2015-09-23,11.0057
2015-09-24,11.1358
2015-09-25,11.0274
2015-09-28,11.1181
2015-09-29,11.0495
2015-09-30,10.975
2015-10-01,10.9109
2015-10-02,10.953
2015-10-05,10.7657
2015-10-06,10.5035
2015-10-07,10.43
2015-10-08,10.4211
2015-10-09,10.3931
2015-10-12,10.3878
2015-10-13,10.3981
2015-10-14,10.3929
2015-10-15,10.2706
2015-10-16,10.0206
2015-10-19,10.1293
2015-10-20,10.0909
2015-10-21,10.084
2015-10-22,10.1008
2015-10-23,9.966
2015-10-26,10.0258
2015-10-27,10.0925
2015-10-28,9.9737
2015-10-29,10.044
2015-10-30,10.0402
2015-11-02,10.02
2015-11-03,9.8463
2015-11-05,9.6294
2015-11-06,9.6582
2015-11-09,9.7522
2015-11-10,9.8371
2015-11-11,9.4542
2015-11-12,9.6523
2015-11-13,9.8293
2015-11-16,9.7573
2015-11-17,9.7204
2015-11-18,9.5961
2015-11-19,9.3017
2015-11-20,9.3982
2015-11-23,9.4929
2015-11-24,9.689
2015-11-25,9.6579
2015-11-26,9.6278
2015-11-27,9.6365
2015-11-30,9.5593
2015-12-01,9.5356
2015-12-02,9.4452
2015-12-03,9.5685
2015-12-04,9.4376
2015-12-07,9.7276
2015-12-08,9.6716
2015-12-09,9.5443
2015-12-10,9.536
2015-12-11,9.5349
2015-12-14,9.7607
2015-12-15,9.6122
2015-12-16,9.6161
2015-12-17,9.5628
2015-12-18,9.5812
2015-12-21,9.6357
2015-12-22,9.6764
2015-12-23,9.6152
2015-12-24,9.5767
2015-12-25,9.5873
2015-12-28,9.5318
2015-12-29,9.5251
2015-12-30,9.554
2016-01-04,9.5121
2016-01-05,9.4782
2016-01-06,9.5617
2016-01-11,10.0242
2016-01-12,10.1682
2016-01-13,10.2014
2016-01-14,10.3263
2016-01-15,10.5114
2016-01-18,10.5554
2016-01-19,10.3934
2016-01-20,10.7919
2016-01-21,10.8722
2016-01-22,10.4642
2016-01-25,10.5041
2016-01-26,10.3899
2016-01-27,10.2571
2016-01-28,10.0766
2016-01-29,10.1819
2016-02-01,10.2901
2016-02-02,10.3735
2016-02-03,10.3057
2016-02-04,10.1409
2016-02-05,10.1792
2016-02-08,10.2464
2016-02-09,10.3174
2016-02-10,10.1977
2016-02-11,10.2676
2016-02-12,10.2218
2016-02-15,10.1475
2016-02-16,10.2372
2016-02-17,10.0833
2016-02-18,9.8985
2016-02-19,9.9895
2016-02-22,9.8795
2016-02-24,9.8651
2016-02-25,9.6736
2016-02-26,9.5727
2016-02-29,9.606
2016-03-01,9.337
2016-03-02,9.3397
2016-03-03,9.265
2016-03-04,9.1863
2016-03-07,9.2854
2016-03-09,9.2027
2016-03-10,9.2729
2016-03-11,9.3115
2016-03-14,9.4091
2016-03-15,9.4702
2016-03-16,9.4111
2016-03-17,9.1037
2016-03-18,8.9712
2016-03-21,9.039
2016-03-22,9.0289
2016-03-23,9.116
2016-03-24,9.2817
2016-03-25,9.1811
2016-03-28,9.1768
2016-03-29,9.2253
2016-03-30,9.092
2016-03-31,9.1326
2016-04-01,9.1256
2016-04-04,9.0887
2016-04-05,9.1998
2016-04-06,9.2027
2016-04-07,9.2942
2016-04-08,9.2448
2016-04-11,9.2276
2016-04-12,9.2386
2016-04-13,9.2449
2016-04-14,9.2168
2016-04-15,9.233
2016-04-18,9.2227
2016-04-19,9.1649
2016-04-20,9.1213
2016-04-21,9.1217
2016-04-22,9.1583
2016-04-25,9.1922
2016-04-26,9.202
2016-04-27,9.1594
2016-04-28,9.0111
2016-04-29,8.8047
2016-05-04,8.941
2016-05-05,8.9457
2016-05-06,8.9492
2016-05-10,8.9733
2016-05-11,8.833
2016-05-12,8.8495
2016-05-13,8.8287
2016-05-16,8.847
2016-05-17,8.8663
2016-05-18,8.9301
2016-05-19,9.0176
2016-05-20,8.9521
2016-05-23,8.9872
2016-05-24,9.0108
2016-05-25,8.9703
2016-05-26,8.9597
2016-05-27,8.9611
2016-05-30,9.0006
2016-05-31,8.9541
2016-06-01,9.0388
2016-06-02,9.0497
2016-06-03,8.9851
2016-06-06,8.7933
2016-06-07,8.7885
2016-06-08,8.7449
2016-06-09,8.7314
2016-06-10,8.6539
2016-06-14,8.7415
2016-06-15,8.6672
2016-06-16,8.7491
2016-06-17,8.6563
2016-06-20,8.5681
2016-06-21,8.6161
2016-06-22,8.542
2016-06-23,8.4942
2016-06-24,8.6033
2016-06-27,8.5159
2016-06-28,8.436
2016-06-29,8.3701
2016-06-30,8.2914
2016-07-01,8.2392
2016-07-04,8.2517
2016-07-05,8.3702
2016-07-06,8.3486
2016-07-07,8.4246
2016-07-08,8.3713
2016-07-11,8.3693
2016-07-12,8.337
2016-07-13,8.3911
2016-07-14,8.3917
2016-07-15,8.3774
2016-07-18,8.5527
2016-07-19,8.5051
2016-07-20,8.5136
2016-07-21,8.5533
2016-07-22,8.6164
2016-07-25,8.5979
2016-07-26,8.6184
2016-07-27,8.5964
2016-07-28,8.5092
2016-07-29,8.4283
2016-08-01,8.439
2016-08-02,8.4995
2016-08-03,8.4704
2016-08-04,8.4717
2016-08-05,8.3729
2016-08-08,8.3025
2016-08-09,8.2379
2016-08-10,8.2444
2016-08-11,8.2444
2016-08-12,8.3162
2016-08-15,8.291
2016-08-16,8.3237
2016-08-17,8.3315
2016-08-18,8.2703
2016-08-19,8.2698
2016-08-22,8.2972
2016-08-23,8.2594
2016-08-24,8.2635
2016-08-25,8.2423
2016-08-26,8.2344
2016-08-29,8.2612
2016-08-30,8.2181
2016-08-31,8.2126
2016-09-01,8.2032
2016-09-02,8.1319
2016-09-05,8.0877
2016-09-06,8.0574
2016-09-07,8.006
2016-09-08,7.9482
2016-09-09,8.0491
2016-09-12,8.169
2016-09-13,8.0372
2016-09-14,8.0639
2016-09-15,8.0861
2016-09-16,8.2085
2016-09-19,8.2566
2016-09-20,8.2856
2016-09-21,8.1897
2016-09-22,8.1214
2016-09-23,8.198
2016-09-26,8.1983
2016-09-27,8.2282
2016-09-28,8.2233
2016-09-29,8.1487
2016-09-30,8.1604
2016-10-03,8.112
2016-10-04,8.0935
2016-10-05,8.1394
2016-10-06,8.2269
2016-10-07,8.2762
2016-10-10,8.238
2016-10-11,8.2945
2016-10-12,8.3455
2016-10-13,8.3923
2016-10-14,8.3622
2016-10-17,8.5006
2016-10-18,8.4852
2016-10-19,8.3628
2016-10-20,8.385
2016-10-21,8.3445
2016-10-24,8.3683
2016-10-25,8.4194
2016-10-26,8.4105
2016-10-27,8.5627
2016-10-28,8.5836
2016-10-31,8.5739
2016-11-01,8.6177
2016-11-02,8.6537
2016-11-03,8.6078
2016-11-07,8.4764
2016-11-08,8.563
2016-11-09,8.4922
2016-11-10,8.8001
2016-11-11,8.9215
2016-11-14,8.9072
2016-11-15,8.791
2016-11-16,8.8154
2016-11-17,8.8009
2016-11-18,8.8134
2016-11-21,8.7452
2016-11-22,8.7645
2016-11-23,8.8351
2016-11-24,8.8302
2016-11-25,8.9482
2016-11-28,8.8702
2016-11-29,8.9254
2016-11-30,8.8633
2016-12-01,8.809
2016-12-02,8.8125
2016-12-05,8.7718
2016-12-06,8.6786
2016-12-07,8.6319
2016-12-08,8.5731
2016-12-09,8.5148
2016-12-12,8.513
2016-12-13,8.4353
2016-12-14,8.4534
2016-12-15,8.5523
2016-12-16,8.5495
2016-12-19,8.6109
2016-12-20,8.585
2016-12-21,8.6408
2016-12-22,8.4891
2016-12-23,8.5486
2016-12-26,8.5127
2016-12-27,8.5438
2016-12-28,8.4811
2016-12-29,8.4425
2016-12-30,8.4595
2017-01-03,8.4115
2017-01-04,8.4457
2017-01-05,8.4344
2017-01-06,8.4315
2017-01-09,8.2544
2017-01-10,8.1798
2017-01-11,8.3158
2017-01-12,8.1962
2017-01-13,8.1594
2017-01-16,8.2293
2017-01-17,8.1926
2017-01-18,8.1861
2017-01-19,8.2602
2017-01-20,8.2765
2017-01-23,8.2847
2017-01-24,8.2805
2017-01-25,8.3949
2017-01-26,8.4838
2017-01-27,8.2784
2017-01-30,8.3496
2017-01-31,8.332
2017-02-01,8.3156
2017-02-02,8.2901
2017-02-03,8.2337
2017-02-06,8.2461
2017-02-07,8.2535
2017-02-08,8.2205
2017-02-09,8.2702
2017-02-10,8.2413
2017-02-13,8.2558
2017-02-14,8.2671
2017-02-15,8.2466
2017-02-16,8.3293
2017-02-17,8.3131
2017-02-20,8.4071
2017-02-21,8.3594
2017-02-22,8.3681
2017-02-24,8.3533
2017-02-27,8.2782
2017-02-28,8.4432
2017-03-01,8.2535
2017-03-02,8.3018
2017-03-03,8.3035
2017-03-06,8.2915
2017-03-07,8.2504
2017-03-09,8.2794
2017-03-10,8.2627
2017-03-13,8.2373
2017-03-14,8.187
2017-03-15,8.1748
2017-03-16,8.1038
2017-03-17,8.1327
2017-03-20,8.0724
2017-03-21,8.0996
2017-03-22,8.1091
2017-03-23,8.1345
2017-03-24,8.0891
2017-03-27,8.0236
2017-03-28,8.0364
2017-03-29,8.0616
2017-03-30,7.9955
2017-03-31,8.055
2017-04-03,8.0761
2017-04-04,8.0265
2017-04-05,8.0054
2017-04-06,7.9825
2017-04-07,7.9927
2017-04-10,8.1227
2017-04-11,8.1179
2017-04-12,8.1834
2017-04-13,8.0688
2017-04-14,8.0718
2017-04-17,8.0504
2017-04-18,8.0876
2017-04-19,8.0877
2017-04-20,7.973
2017-04-21,7.8455
2017-04-24,7.8975
2017-04-25,7.8985
2017-04-26,7.8776
2017-04-27,7.8941
2017-04-28,7.7725
2017-05-02,7.7824
2017-05-03,7.7799
2017-05-04,7.8723
2017-05-05,7.8652
2017-05-10,7.7891
2017-05-11,7.7673
2017-05-12,7.7437
2017-05-15,7.7271
2017-05-16,7.7267
2017-05-17,7.7796
2017-05-18,7.8156
2017-05-19,7.6525
2017-05-22,7.6504
2017-05-23,7.7064
2017-05-24,7.7593
2017-05-25,7.7315
2017-05-26,7.7447
2017-05-29,7.7592
2017-05-30,7.7856
2017-05-31,7.8925
2017-06-01,7.7446
2017-06-02,7.7896
2017-06-05,7.832
2017-06-06,7.772
2017-06-07,7.7677
2017-06-08,7.809
2017-06-09,7.7971
2017-06-13,7.7728
2017-06-14,7.7636
2017-06-15,7.8779
2017-06-16,7.993
2017-06-19,8.0198
2017-06-20,8.0103
2017-06-21,7.9631
2017-06-22,7.932
2017-06-23,7.8216
2017-06-26,7.8646
2017-06-27,7.8409
2017-06-28,7.8235
2017-06-29,7.8624
2017-06-30,7.9033
2017-07-03,7.9099
2017-07-04,7.9071
2017-07-05,7.94
2017-07-06,7.9498
2017-07-07,7.9761
2017-07-10,7.9417
2017-07-11,8.0136
2017-07-12,7.9546
2017-07-13,7.9488
2017-07-14,7.8414
2017-07-17,7.9182
2017-07-18,7.9316
2017-07-19,7.8966
2017-07-20,7.8742
2017-07-21,7.8931
2017-07-24,7.9396
2017-07-25,7.9784
2017-07-26,7.9284
2017-07-27,7.8732
2017-07-28,7.8656
2017-07-31,7.8585
2017-08-01,7.9039
2017-08-02,7.8768
2017-08-03,7.7974
2017-08-04,7.7369
2017-08-07,7.7965
2017-08-08,7.7918
2017-08-09,7.8412
2017-08-10,7.8086
2017-08-11,7.8006
2017-08-14,7.7917
2017-08-15,7.8157
2017-08-16,7.8058
2017-08-17,7.7932
2017-08-18,7.7886
2017-08-21,7.8109
2017-08-22,7.8923
2017-08-23,7.8939
2017-08-24,7.8644
2017-08-25,7.8209
2017-08-28,7.8817
2017-08-29,7.8003
2017-08-30,7.8676
2017-08-31,7.7566
2017-09-01,7.7408
2017-09-04,7.6983
2017-09-05,7.6141
2017-09-06,7.5698
2017-09-07,7.5908
2017-09-08,7.5785
2017-09-11,7.5976
2017-09-12,7.6016
2017-09-13,7.6363
2017-09-14,7.6223
2017-09-15,7.5703
2017-09-18,7.6976
2017-09-19,7.675
2017-09-20,7.639
2017-09-21,7.6731
2017-09-22,7.6523
2017-09-25,7.7053
2017-09-26,7.674
2017-09-27,7.7512
2017-09-28,7.6955
2017-09-29,7.6647
2017-10-02,7.6859
2017-10-03,7.6894
2017-10-04,7.6555
2017-10-05,7.6375
2017-10-06,7.6614
2017-10-09,7.7014
2017-10-10,7.649
2017-10-11,7.6314
2017-10-12,7.6034
2017-10-13,7.5815
2017-10-16,7.6268
2017-10-17,7.6549
2017-10-18,7.626
2017-10-19,7.6001
2017-10-20,7.6031
2017-10-23,7.5843
2017-10-24,7.6503
2017-10-25,7.624
2017-10-26,7.6414
2017-10-27,7.6371
2017-10-30,7.6077
2017-10-31,7.6518
2017-11-01,7.678
2017-11-02,7.6523
2017-11-03,7.6679
2017-11-07,7.675
2017-11-08,7.7242
2017-11-09,7.7042
2017-11-10,7.7226
2017-11-13,7.77
2017-11-14,7.7781
2017-11-15,7.7241
2017-11-16,7.6893
2017-11-17,7.7168
2017-11-20,7.7594
2017-11-21,7.7205
2017-11-22,7.716
2017-11-23,7.6853
2017-11-24,7.7063
2017-11-27,7.6761
2017-11-28,7.6704
2017-11-29,7.6829
2017-11-30,7.669
2017-12-01,7.6491
2017-12-04,7.6625
2017-12-05,7.665
2017-12-06,7.6812
2017-12-07,7.654
2017-12-08,7.6489
2017-12-11,7.6999
2017-12-12,7.6646
2017-12-13,7.6404
2017-12-14,7.667
2017-12-15,7.6294
2017-12-18,7.6141
2017-12-19,7.6482
2017-12-20,7.6224
2017-12-21,7.6275
2017-12-22,7.6274
2017-12-25,7.6466
2017-12-26,7.6581
2017-12-27,7.6718
2017-12-28,7.6909
2017-12-29,7.6366
2018-01-09,7.5539
2018-01-10,7.5591
2018-01-11,7.5632
2018-01-12,7.5242
2018-01-15,7.4865
2018-01-16,7.5115
2018-01-17,7.5123
2018-01-18,7.5149
2018-01-19,7.4692
2018-01-22,7.5105
2018-01-23,7.4703
2018-01-24,7.4453
2018-01-25,7.4801
2018-01-26,7.4742
2018-01-29,7.4846
2018-01-30,7.4181
2018-01-31,7.3444
2018-02-01,7.2897
2018-02-02,7.2693
2018-02-05,7.2407
2018-02-06,7.263
2018-02-07,7.2009
2018-02-08,7.2155
2018-02-09,7.2278
2018-02-12,7.2234
2018-02-13,7.2502
2018-02-14,7.2239
2018-02-15,7.2183
2018-02-16,7.1499
2018-02-19,7.1553
2018-02-20,7.174
2018-02-21,7.1354
2018-02-22,7.1477
2018-02-26,7.1283
2018-02-27,7.1685
2018-02-28,7.1302
2018-03-01,7.1878
2018-03-02,7.1905
2018-03-05,7.1833
2018-03-06,7.1817
2018-03-07,7.1622
2018-03-09,7.1252
2018-03-12,7.1866
2018-03-13,7.1857
2018-03-14,7.2074
2018-03-15,7.2449
2018-03-16,7.2375
2018-03-19,7.2527
2018-03-20,7.1975
2018-03-21,7.1642
2018-03-22,7.1309
2018-03-23,7.1089
2018-03-26,7.1449
2018-03-27,7.1479
2018-03-28,7.1546
2018-03-29,7.1553
2018-03-30,7.1441
2018-04-02,7.1477
2018-04-03,7.1729
2018-04-04,7.1427
2018-04-05,7.1325
2018-04-06,7.1586
2018-04-09,7.4094
2018-04-10,7.6756
2018-04-11,7.5855
2018-04-12,7.4742
2018-04-13,7.5464
2018-04-16,7.5272
2018-04-17,7.4628
2018-04-18,7.4043
2018-04-19,7.3555
2018-04-20,7.3751
2018-04-23,7.4122
2018-04-24,7.3624
2018-04-25,7.3873
2018-04-26,7.4257
2018-04-27,7.3905
2018-04-30,7.3746
2018-05-02,7.3843
2018-05-03,7.4498
2018-05-04,7.4358
2018-05-07,7.4602
2018-05-08,7.5114
2018-05-10,7.4778
2018-05-11,7.454
2018-05-14,7.5281
2018-05-15,7.4847
2018-05-16,7.4683
2018-05-17,7.4504
2018-05-18,7.4923
2018-05-21,7.5013
2018-05-22,7.4472
2018-05-23,7.4613
2018-05-24,7.4272
2018-05-25,7.4362
2018-05-28,7.4187
2018-05-29,7.4577
2018-05-30,7.4472
2018-05-31,7.4948
2018-06-01,7.463
2018-06-04,7.4632
2018-06-05,7.4849
2018-06-06,7.521
2018-06-07,7.5749
2018-06-08,7.6391
2018-06-11,7.6207
2018-06-13,7.6989
2018-06-14,7.6841
2018-06-15,7.8431
2018-06-18,7.9703
2018-06-19,7.9348
2018-06-20,7.8013
2018-06-21,7.7792
2018-06-22,7.7647
2018-06-25,7.7602
2018-06-26,7.8489
2018-06-27,7.8661
2018-06-28,7.8439
2018-06-29,7.8119
2018-07-02,7.8264
2018-07-03,7.845
2018-07-04,7.8375
2018-07-05,7.8035
2018-07-06,7.7989
2018-07-09,7.7267
2018-07-10,7.714
2018-07-11,7.7068
2018-07-12,7.6671
2018-07-13,7.6515
2018-07-16,7.6883
2018-07-17,7.7375
2018-07-18,7.7759
2018-07-19,7.8305
2018-07-20,7.8278
2018-07-23,7.8171
2018-07-24,7.835
2018-07-25,7.877
2018-07-26,7.8773
2018-07-27,7.8935
2018-07-30,7.8682
2018-07-31,7.8114
2018-08-01,7.832
2018-08-02,7.9347
2018-08-03,7.9375
2018-08-06,7.9612
2018-08-07,7.9797
2018-08-08,8.1542
2018-08-09,8.3093
2018-08-10,8.3829
2018-08-13,8.4981
2018-08-14,8.4422
2018-08-15,8.5602
2018-08-16,8.6135
2018-08-17,8.7709
2018-08-20,8.7731
2018-08-21,8.6902
2018-08-22,8.7074
2018-08-23,8.7598
2018-08-24,8.7535
2018-08-27,8.7417
2018-08-28,8.7603
2018-08-29,8.7907
2018-08-30,8.8482
2018-08-31,8.8013
2018-09-03,8.795
2018-09-04,8.9345
2018-09-05,9.0199
2018-09-06,9.2797
2018-09-07,9.2878
2018-09-10,9.2423
2018-09-11,9.0621
2018-09-12,8.9242
2018-09-13,8.9224
2018-09-14,8.954
2018-09-17,8.9842
2018-09-18,8.9423
2018-09-19,8.8384
2018-09-20,8.8278
2018-09-21,8.8121
2018-09-24,8.7083
2018-09-25,8.746
2018-09-26,8.7662
2018-09-27,8.6824
2018-09-28,8.6888
2018-10-01,8.5964
2018-10-02,8.5892
2018-10-03,8.64
2018-10-04,8.8306
2018-10-05,8.8624
2018-10-08,8.9788
2018-10-09,8.98
2018-10-10,8.9845
2018-10-11,9.0233
2018-10-12,8.9077
2018-10-15,8.7711
2018-10-16,8.6674
2018-10-17,8.6569
2018-10-18,8.7149
2018-10-19,8.6791
2018-10-22,8.6014
2018-10-23,8.6353
2018-10-24,8.6727
2018-10-25,8.7006
2018-10-26,8.738
2018-10-29,8.6961
2018-10-30,8.6969
2018-10-31,8.6785
2018-11-01,8.684
2018-11-02,8.6678
2018-11-06,8.7064
2018-11-07,8.8028
2018-11-08,8.9109
2018-11-09,9.0375
2018-11-12,9.0959
2018-11-13,9.1354
2018-11-14,8.8092
2018-11-15,8.7986
2018-11-16,8.7763
2018-11-19,8.7977
2018-11-20,8.8709
2018-11-21,8.8288
2018-11-22,8.8282
2018-11-23,8.9308
2018-11-26,9.0393
2018-11-27,8.9798
2018-11-28,8.9593
2018-11-29,8.8239
2018-11-30,8.828
2018-12-03,8.7195
2018-12-04,8.7584
2018-12-05,8.827
2018-12-06,8.8216
2018-12-07,8.7617
2018-12-10,8.7814
2018-12-11,8.7521
2018-12-12,8.7444
2018-12-13,8.787
2018-12-14,8.801
2018-12-17,8.8294
2018-12-18,8.8873
2018-12-19,8.8794
2018-12-20,8.808
2018-12-21,8.8364
2018-12-24,8.8314
2018-12-25,8.8655
2018-12-26,8.8633
2018-12-27,8.8154
2018-12-28,8.8122
2018-12-31,8.7808
2019-01-03,8.7737
2019-01-04,8.7836
2019-01-08,8.7841
2019-01-09,8.5697
2019-01-10,8.5189
2019-01-11,8.462
2019-01-14,8.4912
2019-01-15,8.4114
2019-01-16,8.3619
2019-01-17,8.4138
2019-01-18,8.3882
2019-01-21,8.3723
2019-01-22,8.4037
2019-01-23,8.4168
2019-01-24,8.3525
2019-01-25,8.3853
2019-01-28,8.4102
2019-01-29,8.4052
2019-01-30,8.3816
2019-01-31,8.213
2019-02-01,8.2285
2019-02-04,8.2443
2019-02-05,8.206
2019-02-06,8.2373
2019-02-07,8.2693
2019-02-08,8.2585
2019-02-11,8.2876
2019-02-12,8.3075
2019-02-13,8.3711
2019-02-14,8.5072
2019-02-15,8.4212
2019-02-18,8.421
2019-02-19,8.4661
2019-02-20,8.4652
2019-02-21,8.4485
2019-02-22,8.446
2019-02-25,8.3992
2019-02-26,8.4328
2019-02-27,8.5081
2019-02-28,8.4215
2019-03-01,8.4257
2019-03-04,8.4469
2019-03-05,8.448
2019-03-06,8.4816
2019-03-07,8.4775
2019-03-11,8.4709
2019-03-12,8.4444
2019-03-13,8.453
2019-03-14,8.4471
2019-03-15,8.4254
2019-03-18,8.3398
2019-03-19,8.318
2019-03-20,8.2984
2019-03-21,8.2139
2019-03-22,8.2969
2019-03-25,8.1973
2019-03-26,8.2328
2019-03-27,8.2973
2019-03-28,8.3483
2019-03-29,8.4119
2019-04-01,8.3945
2019-04-02,8.3995
2019-04-03,8.3969
2019-04-04,8.415
2019-04-05,8.3769
2019-04-08,8.343
2019-04-09,8.3396
2019-04-10,8.2691
2019-04-11,8.2387
2019-04-12,8.2436
2019-04-15,8.3043
2019-04-16,8.2969
2019-04-17,8.3227
2019-04-18,8.3268
2019-04-19,8.3332
2019-04-22,8.332
2019-04-23,8.3707
2019-04-24,8.3409
2019-04-25,8.3748
2019-04-26,8.3186
2019-04-29,8.2577
2019-04-30,8.2346
2019-05-02,8.2525
2019-05-03,8.2401
2019-05-06,8.2652
2019-05-07,8.259
2019-05-08,8.2304
2019-05-10,8.2818
2019-05-13,8.275
2019-05-14,8.2756
2019-05-15,8.2596
2019-05-16,8.2111
2019-05-17,8.1681
2019-05-20,8.1288
2019-05-21,8.0522
2019-05-22,7.9827
2019-05-23,8.0468
2019-05-24,8.043
2019-05-27,8.0313
2019-05-28,8.0336
2019-05-29,8.0724
2019-05-30,7.995
2019-05-31,7.9931
2019-06-03,8.0087
2019-06-04,7.9429
2019-06-05,7.8953
2019-06-06,7.8248
2019-06-07,7.7926
2019-06-10,7.7546
2019-06-11,7.7313
2019-06-13,7.768
2019-06-14,7.7251
2019-06-17,7.692
2019-06-18,7.6205
2019-06-19,7.5168
2019-06-20,7.4441
2019-06-21,7.528
2019-06-24,7.4856
2019-06-25,7.501
2019-06-26,7.5072
2019-06-27,7.5031
2019-06-28,7.4879
2019-07-01,7.4535
2019-07-02,7.4632
2019-07-03,7.4664
2019-07-04,7.4318
2019-07-05,7.443
2019-07-08,7.4325
2019-07-09,7.4304
2019-07-10,7.3971
2019-07-11,7.4007
2019-07-12,7.4439
2019-07-15,7.4479
2019-07-16,7.4519
2019-07-17,7.4573
2019-07-18,7.47
2019-07-19,7.4312
2019-07-22,7.3784
2019-07-23,7.3675
2019-07-24,7.3444
2019-07-25,7.3125
2019-07-26,7.3841
2019-07-29,7.3985
2019-07-30,7.4344
2019-07-31,7.3875
2019-08-01,7.4287
2019-08-02,7.563
2019-08-05,7.4696
2019-08-06,7.4203
2019-08-07,7.3906
2019-08-08,7.3693
2019-08-09,7.3868
2019-08-12,7.4146
2019-08-13,7.3894
2019-08-14,7.4149
2019-08-15,7.4324
2019-08-16,7.4028
2019-08-19,7.4191
2019-08-20,7.369
2019-08-21,7.3029
2019-08-22,7.287
2019-08-23,7.2877
2019-08-26,7.3133
2019-08-27,7.3131
2019-08-28,7.2749
2019-08-29,7.2675
2019-08-30,7.2157
2019-09-02,7.2121
2019-09-03,7.2109
2019-09-04,7.129
2019-09-05,7.1452
2019-09-06,7.1451
2019-09-09,7.1595
2019-09-10,7.1519
2019-09-11,7.1546
2019-09-12,7.121
2019-09-13,7.1193
2019-09-16,7.1401
2019-09-17,7.1709
2019-09-18,7.1532
2019-09-19,7.1367
2019-09-20,7.1349
2019-09-23,7.1396
2019-09-24,7.1406
2019-09-25,7.132
2019-09-26,7.1326
2019-09-27,7.1364
2019-09-30,7.1525
2019-10-01,7.1575
2019-10-02,7.1642
2019-10-03,7.1502
2019-10-04,7.0614
2019-10-07,6.9745
2019-10-08,6.9933
2019-10-09,6.958
2019-10-10,6.8506
2019-10-11,6.818
2019-10-14,6.7791
2019-10-15,6.7888
2019-10-16,6.7875
2019-10-17,6.7669
2019-10-18,6.6896
2019-10-21,6.6407
2019-10-22,6.5863
2019-10-23,6.5818
2019-10-24,6.6223
2019-10-25,6.5283
2019-10-28,6.5004
2019-10-29,6.5269
2019-10-30,6.5624
2019-10-31,6.5901
2019-11-01,6.5104
2019-11-05,6.5116
2019-11-06,6.503
2019-11-07,6.5023
2019-11-08,6.5546
2019-11-11,6.6164
2019-11-12,6.6307
2019-11-13,6.6968
2019-11-14,6.6277
2019-11-15,6.6033
2019-11-18,6.6101
2019-11-19,6.5556
2019-11-20,6.5308
2019-11-21,6.5359
2019-11-22,6.5245
2019-11-25,6.543
2019-11-26,6.5613
2019-11-27,6.5594
2019-11-28,6.5799
2019-11-29,6.5827
2019-12-02,6.6045
2019-12-03,6.5812
2019-12-04,6.5546
2019-12-05,6.5621
2019-12-06,6.5549
2019-12-09,6.5573
2019-12-10,6.5599
2019-12-11,6.5791
2019-12-12,6.5342
2019-12-13,6.5408
2019-12-16,6.5196
2019-12-17,6.5124
2019-12-18,6.5229
2019-12-19,6.547
2019-12-20,6.5332
2019-12-23,6.5427
2019-12-24,6.503
2019-12-25,6.494
2019-12-26,6.4848
2019-12-27,6.4756
2019-12-30,6.4122
2020-01-03,6.423
2020-01-06,6.4253
2020-01-08,6.4411
2020-01-09,6.4166
2020-01-10,6.2638
2020-01-13,6.1839
2020-01-14,6.2558
2020-01-15,6.2979
2020-01-16,6.2878
2020-01-17,6.2533
2020-01-20,6.2532
2020-01-21,6.2642
2020-01-22,6.2489
2020-01-23,6.252
2020-01-24,6.2596
2020-01-27,6.3497
2020-01-28,6.3222
2020-01-29,6.3243
2020-01-30,6.3514
2020-01-31,6.3643
2020-02-03,6.3678
2020-02-04,6.3051
2020-02-05,6.2816
2020-02-06,6.299
2020-02-07,6.2533
2020-02-10,6.247
2020-02-11,6.2208
2020-02-12,6.1788
2020-02-13,6.1529
2020-02-14,6.1204
2020-02-17,6.1124
2020-02-18,6.1202
2020-02-19,6.0713
2020-02-20,6.0335
2020-02-21,6.0812
2020-02-25,6.1629
2020-02-26,6.1659
2020-02-27,6.3471
2020-02-28,6.6039
2020-03-02,6.5506
2020-03-03,6.2804
2020-03-04,6.1088
2020-03-05,6.2868
2020-03-06,6.6033
2020-03-10,7.1216
2020-03-11,7.3611
2020-03-12,8.1219
2020-03-13,7.9356
2020-03-16,8.1248
2020-03-17,8.0915
2020-03-18,8.5656
2020-03-19,8.2511
2020-03-20,7.8152
2020-03-23,7.6932
2020-03-24,7.2025
2020-03-25,7.2479
2020-03-26,7.1212
2020-03-27,7.0799
2020-03-30,6.9996
2020-03-31,6.8302
2020-04-01,6.894
2020-04-02,6.9346
2020-04-03,6.8858
2020-04-06,6.8261
2020-04-07,6.795
2020-04-08,6.8113
2020-04-09,6.774
2020-04-10,6.7581
2020-04-13,6.7468
2020-04-14,6.771
2020-04-15,6.8651
2020-04-16,6.7639
2020-04-17,6.3987
2020-04-20,6.2711
2020-04-21,6.4262
2020-04-22,6.3078
2020-04-23,6.2279
2020-04-24,6.1505
2020-04-27,6.1633
2020-04-28,6.1551
2020-04-29,6.159
2020-04-30,6.1706
2020-05-04,6.1832
2020-05-05,6.1412
2020-05-06,6.1673
2020-05-07,6.1683
2020-05-08,6.077
2020-05-12,6.0168
2020-05-13,6.0042
2020-05-14,5.9433
2020-05-15,5.7343
2020-05-18,5.6303
2020-05-19,5.6379
2020-05-20,5.6011
2020-05-21,5.5929
2020-05-22,5.6345
2020-05-25,5.6187
2020-05-26,5.6305
2020-05-27,5.6989
2020-05-28,5.6665
2020-05-29,5.6958
2020-06-01,5.6743
2020-06-02,5.6584
2020-06-03,5.7199
2020-06-04,5.7708
2020-06-05,5.8863
2020-06-08,5.9339
2020-06-09,5.8137
2020-06-10,5.8253
2020-06-11,5.8212
2020-06-15,5.8156
2020-06-16,5.7411
2020-06-17,5.684
2020-06-18,5.6775
2020-06-19,5.6396
2020-06-22,5.7807
2020-06-23,5.7914
2020-06-25,5.8707
2020-06-26,5.8473
2020-06-29,5.8787
2020-06-30,6.0506
2020-07-02,6.0123
2020-07-03,6.1816
2020-07-06,6.1515
2020-07-07,6.0798
2020-07-08,5.9948
2020-07-09,5.9699
2020-07-10,5.9652
2020-07-13,5.9276
2020-07-14,5.9507
2020-07-15,5.9741
2020-07-16,5.9975
2020-07-17,5.9711
2020-07-20,5.936
2020-07-21,5.8925
2020-07-22,5.906
2020-07-23,5.915
2020-07-24,5.9276
2020-07-27,5.9553
2020-07-28,6.0109
2020-07-29,6.0126
2020-07-30,6.0809
2020-07-31,6.0736
2020-08-03,6.0056
2020-08-04,5.9791
2020-08-05,5.9979
2020-08-06,6.0278
2020-08-07,6.0257
2020-08-10,6.0069
2020-08-11,6.0373
2020-08-12,6.0583
2020-08-13,6.0977
2020-08-14,6.1865
2020-08-17,6.3864
2020-08-18,6.2931
2020-08-19,6.2276
2020-08-20,6.3088
2020-08-21,6.3864
2020-08-24,6.3406
2020-08-25,6.3838
2020-08-26,6.3891
2020-08-27,6.3374
2020-08-28,6.2692
2020-08-31,6.2827
2020-09-01,6.2176
2020-09-02,6.3783
2020-09-03,6.3589
2020-09-04,6.3176
2020-09-07,6.3579
2020-09-08,6.4325
2020-09-09,6.3862
2020-09-10,6.3356
2020-09-11,6.3868
2020-09-14,6.3768
2020-09-15,6.3493
2020-09-16,6.3435
2020-09-17,6.3469
2020-09-18,6.3633
2020-09-21,6.4496
2020-09-22,6.4453
2020-09-23,6.4483
2020-09-24,6.4666
2020-09-25,6.4692
2020-09-28,6.4907
2020-09-29,6.4705
2020-09-30,6.4244
2020-10-01,6.3936
2020-10-02,6.3626
2020-10-05,6.3419
2020-10-06,6.294
2020-10-07,6.2575
2020-10-08,6.1702
2020-10-09,6.1733
2020-10-12,6.1696
2020-10-13,6.1675
2020-10-14,6.1919
2020-10-15,6.2647
2020-10-16,6.2368
2020-10-19,6.2066
2020-10-20,6.2116
2020-10-21,6.1902
2020-10-22,6.2145
2020-10-23,6.2043
2020-10-26,6.2183
2020-10-27,6.2658
2020-10-28,6.3259
2020-10-29,6.351
2020-10-30,6.4055
2020-11-02,6.5243
2020-11-03,6.5035
2020-11-05,6.2058
2020-11-06,6.1645
2020-11-09,6.0991
2020-11-10,6.1571
2020-11-11,6.132
2020-11-12,6.1194
2020-11-13,6.1169
2020-11-16,6.0978
2020-11-17,6.0988
2020-11-18,6.1105
2020-11-19,6.1144
2020-11-20,6.1191
2020-11-23,6.1036
2020-11-24,6.1079
2020-11-25,6.1276
2020-11-26,6.1394
2020-11-27,6.1449
2020-11-30,6.1497
2020-12-01,6.1564
2020-12-02,6.1502
2020-12-03,6.1365
2020-12-04,6.115
2020-12-07,6.1083
2020-12-08,6.1028
2020-12-09,6.1325
2020-12-10,6.1633
2020-12-11,6.139
2020-12-14,6.1667
2020-12-15,6.1712
2020-12-16,6.1607
2020-12-17,6.1387
2020-12-18,6.185
2020-12-21,6.2648
2020-12-22,6.2472
2020-12-23,6.281
2020-12-24,6.2712
2020-12-25,6.2581
2020-12-28,6.2596
2020-12-29,6.2415
2020-12-30,6.2675
2021-01-04,6.2481
2021-01-05,6.2201
2021-01-06,6.2357
2021-01-08,6.245
2021-01-11,6.3367
2021-01-12,6.3256
2021-01-13,6.3839
2021-01-14,6.3913
2021-01-15,6.4745
2021-01-18,6.5035
2021-01-19,6.47
2021-01-20,6.4582
2021-01-21,6.4991
2021-01-22,6.628
2021-01-25,6.6038
2021-01-26,6.5724
2021-01-27,6.6206
2021-01-28,6.6139
2021-01-29,6.5879
2021-02-01,6.5756
2021-02-02,6.6335
2021-02-03,6.6653
2021-02-04,6.6474
2021-02-05,6.5474
2021-02-08,6.545
2021-02-09,6.615
2021-02-10,6.6324
2021-02-11,6.7168
2021-02-12,6.7949
2021-02-15,6.8849
2021-02-16,6.9642
2021-02-17,6.9708
2021-02-18,6.8913
2021-02-19,6.9507
2021-02-22,6.9553
2021-02-24,6.946
2021-02-25,7.013
2021-02-26,7.0631
2021-03-01,7.0187
2021-03-02,6.9419
2021-03-03,6.8658
2021-03-04,6.8005
2021-03-05,6.8949
2021-03-09,6.9138
2021-03-10,6.9726
2021-03-11,6.9779
2021-03-12,7.0183
2021-03-15,7.0383
2021-03-16,7.0314
2021-03-17,7.1055
2021-03-18,7.1991
2021-03-19,7.2469
2021-03-22,7.3011
2021-03-23,7.3908
2021-03-24,7.3752
2021-03-25,7.2768
2021-03-26,7.1595
2021-03-29,7.1641
2021-03-30,7.2851
2021-03-31,7.231
2021-04-01,7.2715
2021-04-02,7.2657
2021-04-05,7.2704
2021-04-06,7.3765
2021-04-07,7.4261
2021-04-08,7.4426
2021-04-09,7.4612
2021-04-12,7.4154
2021-04-13,7.3981
2021-04-14,7.2305
2021-04-15,7.274
2021-04-16,7.1856
2021-04-19,7.2624
